Date,Open,High,Low,Close,Adj Close,Volume
5/23/2012,12501.51953,12508.29981,12311.55957,12496.15039,12496.15039,152190000
5/24/2012,12491.91016,12539.58984,12419.62988,12529.75,12529.75,126810000
5/25/2012,12530.74023,12533.12012,12421.53027,12454.83008,12454.83008,93000000
5/29/2012,12454.83008,12611.61035,12454.59961,12580.69043,12580.69043,107510000
5/30/2012,12579.01953,12579.09961,12396.40039,12419.86035,12419.86035,122830000
5/31/2012,12414.41016,12489.87012,12316.48047,12393.4502,12393.4502,205140000
6/1/2012,12391.55957,12391.62988,12107.48047,12118.57031,12118.57031,162940000
6/4/2012,12119.84961,12143.69043,12035.08984,12101.45996,12101.45996,126440000
6/5/2012,12101.08008,12147.54981,12072.16992,12127.9502,12127.9502,108970000
6/6/2012,12125,12414.79004,12125,12414.79004,12414.79004,140110000
6/7/2012,12416.53027,12555.25977,12416.53027,12460.95996,12460.95996,131150000
6/8/2012,12460.80957,12554.2002,12398.44043,12554.2002,12554.2002,111810000
6/11/2012,12553.80957,12650.46973,12398.48047,12411.23047,12411.23047,121060000
6/12/2012,12412.07031,12577.01953,12411.91016,12573.79981,12573.79981,111360000
6/13/2012,12566.37988,12598.25,12453.69043,12496.37988,12496.37988,125780000
6/14/2012,12497.88965,12698.67969,12497.66016,12651.91016,12651.91016,128640000
6/15/2012,12652.20996,12774.7002,12651.37988,12767.16992,12767.16992,284290000
6/18/2012,12767.01953,12781.92969,12696.17969,12741.82031,12741.82031,111280000
6/19/2012,12744.62012,12898.94043,12744.46973,12837.33008,12837.33008,125180000
6/20/2012,12837.09961,12877.17969,12744.91992,12824.38965,12824.38965,119110000
6/21/2012,12823.09961,12857.38965,12561.45996,12573.57031,12573.57031,146750000
6/22/2012,12574.82031,12674.08008,12574.66992,12640.78027,12640.78027,209990000
6/25/2012,12639.79981,12639.87012,12458.00977,12502.66016,12502.66016,134090000
6/26/2012,12503.57031,12576.41016,12452.03027,12534.66992,12534.66992,109270000
6/27/2012,12532.92969,12646.87012,12532.70996,12627.00977,12627.00977,97950000
6/28/2012,12626.25,12626.25,12450.16992,12602.25977,12602.25977,125870000
6/29/2012,12604.59961,12880.38965,12604.53027,12880.08984,12880.08984,191630000
7/2/2012,12879.70996,12902.12012,12795.48047,12871.38965,12871.38965,109640000
7/3/2012,12868.05957,12946.2002,12845.28027,12943.66016,12943.66016,63850000
7/5/2012,12941.84961,12961.29981,12852.24023,12896.66992,12896.66992,97800000
7/6/2012,12889.40039,12889.40039,12702.99023,12772.46973,12772.46973,96760000
7/9/2012,12772.01953,12772.01953,12686.57031,12736.29004,12736.29004,100150000
7/10/2012,12733.87012,12830.29004,12606.91016,12653.12012,12653.12012,114760000
7/11/2012,12653.04004,12661.96973,12534.33008,12604.53027,12604.53027,128420000
7/12/2012,12602.70996,12630.63965,12492.25,12573.26953,12573.26953,142760000
7/13/2012,12573.73047,12784.73047,12573.04004,12777.08984,12777.08984,121080000
7/16/2012,12776.33008,12779.58008,12690.04981,12727.20996,12727.20996,93500000
7/17/2012,12728.73047,12829.23047,12645.09961,12805.54004,12805.54004,119620000
7/18/2012,12796.98047,12921.94043,12754.61035,12908.7002,12908.7002,130070000
7/19/2012,12909.61035,12977.57031,12889.92969,12943.36035,12943.36035,139480000
7/20/2012,12942.67969,12942.83008,12810.34961,12822.57031,12822.57031,210770000
7/23/2012,12820.4502,12820.4502,12583.41016,12721.45996,12721.45996,137760000
7/24/2012,12720.92969,12730.08984,12521.83984,12617.32031,12617.32031,131530000
7/25/2012,12617.76953,12732.76953,12617.62012,12676.04981,12676.04981,127320000
7/26/2012,12680.58984,12931.21973,12680.58984,12887.92969,12887.92969,133620000
7/27/2012,12888.91016,13117.74023,12888.53027,13075.66016,13075.66016,161510000
7/30/2012,13075.34961,13128.63965,13042.84961,13073.00977,13073.00977,91730000
7/31/2012,13071.71973,13082.66016,13006.48047,13008.67969,13008.67969,125980000
8/1/2012,13007.46973,13074.83008,12951.16016,12976.12988,12976.12988,132780000
8/2/2012,12969.7002,12969.84961,12778.90039,12878.87988,12878.87988,112770000
8/3/2012,12884.82031,13133.17969,12884.82031,13096.16992,13096.16992,112390000
8/6/2012,13099.87988,13187.28027,13099.71973,13117.50977,13117.50977,84270000
8/7/2012,13118.65039,13215.96973,13118.41992,13168.59961,13168.59961,95240000
8/8/2012,13158.09961,13202.65039,13115.24023,13175.63965,13175.63965,84910000
8/9/2012,13174.73047,13200.23047,13125.08984,13165.19043,13165.19043,84350000
8/10/2012,13163.15039,13208.21973,13094.95996,13207.9502,13207.9502,86640000
8/13/2012,13204.92969,13205.00977,13112.94043,13169.42969,13169.42969,67550000
8/14/2012,13168.11035,13223.00977,13142.09961,13172.13965,13172.13965,84430000
8/15/2012,13157.46973,13192.88965,13138.23047,13164.78027,13164.78027,77130000
8/16/2012,13163.24023,13269.34961,13145.84961,13250.11035,13250.11035,114580000
8/17/2012,13251.2002,13281.32031,13244.84961,13275.2002,13275.2002,138550000
8/20/2012,13274.58008,13276.15039,13230.05957,13271.63965,13271.63965,87590000
8/21/2012,13272.09961,13330.75977,13186.59961,13203.58008,13203.58008,117060000
8/22/2012,13198.30957,13205.05957,13120.33984,13172.75977,13172.75977,111220000
8/23/2012,13171.37012,13171.37012,13046.45996,13057.45996,13057.45996,108800000
8/24/2012,13052.82031,13175.50977,13027.2002,13157.96973,13157.96973,88030000
8/27/2012,13157.74023,13176.16992,13115.45996,13124.66992,13124.66992,96070000
8/28/2012,13122.74023,13147.32031,13081.12012,13102.99023,13102.99023,81630000
8/29/2012,13103.45996,13144.80957,13081.26953,13107.48047,13107.48047,91530000
8/30/2012,13101.29004,13101.37012,12978.91016,13000.70996,13000.70996,89980000
8/31/2012,13002.71973,13151.87012,13002.63965,13090.83984,13090.83984,119780000
9/4/2012,13092.15039,13092.38965,12977.08984,13035.94043,13035.94043,103920000
9/5/2012,13036.08984,13095.91016,13018.74023,13047.48047,13047.48047,92550000
9/6/2012,13045.23047,13294.12988,13045.08008,13292,13292,128650000
9/7/2012,13289.53027,13320.26953,13266.21973,13306.63965,13306.63965,142210000
9/10/2012,13308.55957,13324.09961,13251.38965,13254.29004,13254.29004,123810000
9/11/2012,13254.59961,13354.33984,13253.20996,13323.36035,13323.36035,104920000
9/12/2012,13321.62012,13373.62012,13317.51953,13333.34961,13333.34961,111520000
9/13/2012,13329.70996,13573.33008,13325.11035,13539.86035,13539.86035,151770000
9/14/2012,13540.40039,13653.24023,13533.94043,13593.37012,13593.37012,185160000
9/17/2012,13588.57031,13593.15039,13526.66992,13553.09961,13553.09961,128020000
9/18/2012,13552.33008,13582.12012,13517.80957,13564.63965,13564.63965,120720000
9/19/2012,13565.41016,13626.48047,13556.74023,13577.95996,13577.95996,116210000
9/20/2012,13575.16992,13599.01953,13503,13596.92969,13596.92969,117910000
9/21/2012,13597.24023,13647.09961,13571.53027,13579.46973,13579.46973,429610000
9/24/2012,13577.84961,13601.90039,13521.67969,13558.91992,13558.91992,120370000
9/25/2012,13559.91992,13620.20996,13457.25,13457.54981,13457.54981,138630000
9/26/2012,13458.62988,13480.37012,13406.91016,13413.50977,13413.50977,124350000
9/27/2012,13413.46973,13522.83008,13413.46973,13485.96973,13485.96973,113990000
9/28/2012,13485.88965,13487.66016,13367.26953,13437.12988,13437.12988,146950000
10/1/2012,13437.66016,13598.25,13437.66016,13515.11035,13515.11035,106120000
10/2/2012,13515.29981,13567.05957,13424.91992,13482.36035,13482.36035,90730000
10/3/2012,13479.20996,13536.26953,13439.12012,13494.61035,13494.61035,103890000
10/4/2012,13495.17969,13594.33008,13495.17969,13575.36035,13575.36035,106390000
10/5/2012,13569.17969,13661.87012,13568.75,13610.15039,13610.15039,115500000
10/8/2012,13589.25977,13610.37988,13552.08984,13583.65039,13583.65039,71300000
10/9/2012,13582.87988,13592.33008,13473.30957,13473.53027,13473.53027,103630000
10/10/2012,13473.53027,13478.83008,13327.62012,13344.96973,13344.96973,101120000
10/11/2012,13346.28027,13428.49023,13326.12012,13326.38965,13326.38965,86630000
10/12/2012,13325.62012,13401.32031,13296.42969,13328.84961,13328.84961,113740000
10/15/2012,13329.54004,13437.66016,13325.92969,13424.23047,13424.23047,114880000
10/16/2012,13423.83984,13556.37012,13423.75977,13551.78027,13551.78027,113450000
10/17/2012,13539.62988,13561.65039,13468.90039,13557,13557,135570000
10/18/2012,13553.24023,13588.73047,13510.92969,13548.94043,13548.94043,128410000
10/19/2012,13545.33008,13545.49023,13312.21973,13343.50977,13343.50977,239080000
10/22/2012,13344.28027,13368.54981,13235.15039,13345.88965,13345.88965,121880000
10/23/2012,13344.90039,13344.90039,13083.28027,13102.53027,13102.53027,122220000
10/24/2012,13103.53027,13155.20996,13063.62988,13077.33984,13077.33984,110670000
10/25/2012,13079.63965,13214.11035,13017.37012,13103.67969,13103.67969,114590000
10/26/2012,13104.21973,13151.71973,13040.16992,13107.20996,13107.20996,134640000
10/31/2012,13107.44043,13189.08008,13052.07031,13096.45996,13096.45996,138160000
11/1/2012,13099.19043,13273.70996,13099.11035,13232.62012,13232.62012,140510000
11/2/2012,13232.62012,13289.4502,13076.57031,13093.16016,13093.16016,137660000
11/5/2012,13092.28027,13140.58008,13038.70996,13112.44043,13112.44043,95350000
11/6/2012,13112.90039,13290.75,13112.90039,13245.67969,13245.67969,105710000
11/7/2012,13228.24023,13228.32031,12876.59961,12932.73047,12932.73047,164250000
11/8/2012,12932.80957,12980.23047,12811.24023,12811.32031,12811.32031,138350000
11/9/2012,12811.16992,12890.19043,12743.38965,12815.38965,12815.38965,131670000
11/12/2012,12815.92969,12861.28027,12783,12815.08008,12815.08008,62360000
11/13/2012,12808.70996,12898.25,12748.50977,12756.17969,12756.17969,142200000
11/14/2012,12746.54004,12797.73047,12542.67969,12570.9502,12570.9502,162180000
11/15/2012,12571.09961,12600.58984,12496.55957,12542.37988,12542.37988,129150000
11/16/2012,12542.30957,12604.16992,12471.49023,12588.30957,12588.30957,197110000
11/19/2012,12590.23047,12796.19043,12590.23047,12795.95996,12795.95996,136910000
11/20/2012,12790.88965,12808.55957,12701.07031,12788.50977,12788.50977,134160000
11/21/2012,12788.36035,12845.99023,12786.12988,12836.88965,12836.88965,97300000
11/23/2012,12833.12988,13011.4502,12832.98047,13009.53027,13009.53027,61110000
11/26/2012,13008.4502,13008.4502,12900.16992,12967.37012,12967.37012,114360000
11/27/2012,12963.37988,12980.19043,12868.25977,12878.12988,12878.12988,117900000
11/28/2012,12875.55957,12989.09961,12765.32031,12985.11035,12985.11035,131000000
11/29/2012,12977.34961,13062.55957,12961.91992,13021.82031,13021.82031,113620000
11/30/2012,13022.04981,13053.74023,12988.67969,13025.58008,13025.58008,171070000
12/3/2012,13027.73047,13087.32031,12959.41992,12965.59961,12965.59961,112900000
12/4/2012,12966.4502,13022.50977,12940.07031,12951.78027,12951.78027,125290000
12/5/2012,12948.95996,13089.11035,12923.44043,13034.49023,13034.49023,161230000
12/6/2012,13026.19043,13076.87988,13007.83984,13074.04004,13074.04004,116850000
12/7/2012,13072.87012,13157.28027,13072.87012,13155.12988,13155.12988,124130000
12/10/2012,13154.88965,13195.34961,13139.08008,13169.87988,13169.87988,118530000
12/11/2012,13170.33984,13306.57031,13170.33984,13248.44043,13248.44043,124510000
12/12/2012,13250.04981,13329.44043,13227.44043,13245.4502,13245.4502,127510000
12/13/2012,13241.37988,13264.41016,13147.19043,13170.71973,13170.71973,101190000
12/14/2012,13170.79981,13190.41016,13118.45996,13135.00977,13135.00977,117620000
12/17/2012,13135.16992,13244.33008,13134.62988,13235.38965,13235.38965,142980000
12/18/2012,13236.61035,13365.86035,13232.58008,13350.95996,13350.95996,152920000
12/19/2012,13351.04004,13357.7002,13251.74023,13251.96973,13251.96973,149020000
12/20/2012,13246.66992,13314.63965,13216.03027,13311.71973,13311.71973,119800000
12/21/2012,13309.9502,13309.9502,13122.53027,13190.83984,13190.83984,413270000
12/24/2012,13190.15039,13190.37988,13128.54981,13138.92969,13138.92969,47710000
12/26/2012,13138.84961,13174.87988,13076.87012,13114.58984,13114.58984,79410000
12/27/2012,13114.96973,13141.74023,12964.08008,13096.30957,13096.30957,100160000
12/28/2012,13095.08008,13095.45996,12926.86035,12938.11035,12938.11035,85980000
12/31/2012,12938.19043,13109.12988,12883.88965,13104.13965,13104.13965,145740000
1/2/2013,13104.29981,13412.70996,13104.29981,13412.54981,13412.54981,161430000
1/3/2013,13413.00977,13430.59961,13358.29981,13391.36035,13391.36035,129630000
1/4/2013,13391.04981,13447.11035,13376.23047,13435.20996,13435.20996,107590000
1/7/2013,13436.12988,13436.12988,13343.32031,13384.29004,13384.29004,113120000
1/8/2013,13377.41992,13377.41992,13293.12988,13328.84961,13328.84961,129570000
1/9/2013,13329.91992,13416.54981,13329.08008,13390.50977,13390.50977,123070000
1/10/2013,13391.82031,13478.2002,13382.29004,13471.21973,13471.21973,133520000
1/11/2013,13471.4502,13496.67969,13439.96973,13488.42969,13488.42969,119200000
1/14/2013,13488.42969,13520.17969,13459.83984,13507.32031,13507.32031,118460000
1/15/2013,13507.32031,13546.37012,13445.79981,13534.88965,13534.88965,102280000
1/16/2013,13534.88965,13534.88965,13468.95996,13511.23047,13511.23047,118540000
1/17/2013,13511.23047,13633.88965,13510.24023,13596.01953,13596.01953,183900000
1/18/2013,13596.01953,13649.92969,13571.86035,13649.7002,13649.7002,260900000
1/22/2013,13649.7002,13712.20996,13622.95996,13712.20996,13712.20996,144300000
1/23/2013,13712.20996,13794.29004,13710.12988,13779.33008,13779.33008,104490000
1/24/2013,13779.33008,13879.66016,13779.33008,13825.33008,13825.33008,124780000
1/25/2013,13825.33008,13895.98047,13825.33008,13895.98047,13895.98047,130300000
1/28/2013,13895.98047,13915.71973,13862.57031,13881.92969,13881.92969,113570000
1/29/2013,13881.92969,13969.99023,13880.00977,13954.41992,13954.41992,108230000
1/30/2013,13954.41992,13966.12988,13896.9502,13910.41992,13910.41992,117200000
1/31/2013,13910.41992,13941.05957,13860.58008,13860.58008,13860.58008,142600000
2/1/2013,13860.58008,14019.78027,13860.58008,14009.79004,14009.79004,128420000
2/4/2013,14009.79004,14009.79004,13866.83008,13880.08008,13880.08008,130420000
2/5/2013,13880.08008,14013.59961,13880.08008,13979.29981,13979.29981,134390000
2/6/2013,13979.29981,13991.61035,13913.17969,13986.51953,13986.51953,127560000
2/7/2013,13986.51953,13988.05957,13852.2002,13944.04981,13944.04981,118530000
2/8/2013,13944.04981,14022.62012,13944.04981,13992.96973,13992.96973,99860000
2/11/2013,13992.96973,13992.96973,13940.41016,13971.24023,13971.24023,75090000
2/12/2013,13971.24023,14038.96973,13968.94043,14018.7002,14018.7002,117180000
2/13/2013,14018.7002,14029.34961,13945.78027,13982.91016,13982.91016,130520000
2/14/2013,13982.91016,13990.36035,13921.94043,13973.38965,13973.38965,114800000
2/15/2013,13973.38965,14001.92969,13906.73047,13981.75977,13981.75977,195670000
2/19/2013,13981.75977,14044.82031,13977.90039,14035.66992,14035.66992,136410000
2/20/2013,14035.66992,14058.26953,13919.28027,13927.54004,13927.54004,138540000
2/21/2013,13927.54004,13927.54004,13834.40039,13880.62012,13880.62012,131410000
2/22/2013,13880.62012,14001.19043,13880.62012,14000.57031,14000.57031,139850000
2/25/2013,14000.57031,14081.58008,13784.00977,13784.16992,13784.16992,152190000
2/26/2013,13784.16992,13918.44043,13784.16992,13900.12988,13900.12988,132580000
2/27/2013,13900.12988,14104.86035,13880.19043,14075.37012,14075.37012,107010000
2/28/2013,14075.37012,14149.15039,14050.17969,14054.49023,14054.49023,177150000
3/1/2013,14054.49023,14107.08984,13937.59961,14089.66016,14089.66016,125920000
3/4/2013,14089.66016,14128.20996,14030.37012,14127.82031,14127.82031,110810000
3/5/2013,14127.82031,14286.37012,14127.82031,14253.76953,14253.76953,112100000
3/6/2013,14253.76953,14320.65039,14253,14296.24023,14296.24023,116510000
3/7/2013,14296.24023,14354.69043,14296.24023,14329.49023,14329.49023,117080000
3/8/2013,14329.49023,14413.16992,14329.49023,14397.07031,14397.07031,115630000
3/11/2013,14397.07031,14448.05957,14373.32031,14447.29004,14447.29004,94880000
3/12/2013,14447.29004,14478.79981,14412.05957,14450.05957,14450.05957,102100000
3/13/2013,14450.05957,14472.79981,14411.66016,14455.28027,14455.28027,83920000
3/14/2013,14455.28027,14539.29004,14455.28027,14539.13965,14539.13965,117390000
3/15/2013,14539.13965,14539.13965,14470.5,14514.11035,14514.11035,407770000
3/18/2013,14514.11035,14521.58984,14404.20996,14452.05957,14452.05957,119640000
3/19/2013,14452.05957,14514.33984,14382.08984,14455.82031,14455.82031,122170000
3/20/2013,14455.82031,14546.82031,14455.82031,14511.73047,14511.73047,121240000
3/21/2013,14511.73047,14511.73047,14383.01953,14421.49023,14421.49023,110450000
3/22/2013,14421.49023,14519.9502,14421.49023,14512.03027,14512.03027,101450000
3/25/2013,14512.03027,14563.75,14395,14447.75,14447.75,124840000
3/26/2013,14447.75,14561.54004,14447.75,14559.65039,14559.65039,96030000
3/27/2013,14559.65039,14559.65039,14439.54981,14526.16016,14526.16016,92680000
3/28/2013,14526.16016,14585.09961,14520.86035,14578.54004,14578.54004,153710000
4/1/2013,14578.54004,14605.71973,14531.48047,14572.84961,14572.84961,91400000
4/2/2013,14572.84961,14684.49023,14572.84961,14662.00977,14662.00977,98420000
4/3/2013,14662.00977,14683.12988,14525.36035,14550.34961,14550.34961,127140000
4/4/2013,14550.34961,14625.24023,14538.71973,14606.11035,14606.11035,104790000
4/5/2013,14606.11035,14606.11035,14434.42969,14565.25,14565.25,131250000
4/8/2013,14565.25,14613.48047,14497.79981,14613.48047,14613.48047,106680000
4/9/2013,14613.48047,14716.45996,14598.5,14673.45996,14673.45996,128580000
4/10/2013,14673.45996,14826.66016,14673.45996,14802.24023,14802.24023,120520000
4/11/2013,14802.24023,14887.50977,14785.36035,14865.13965,14865.13965,144570000
4/12/2013,14865.13965,14865.20996,14790.57031,14865.05957,14865.05957,119570000
4/15/2013,14865.05957,14865.05957,14598.58008,14599.2002,14599.2002,161680000
4/16/2013,14599.2002,14761.73047,14599.2002,14756.78027,14756.78027,126320000
4/17/2013,14756.78027,14756.78027,14560.80957,14618.58984,14618.58984,168010000
4/18/2013,14618.58984,14650.25977,14495.29004,14537.13965,14537.13965,158050000
4/19/2013,14537.13965,14553.73047,14444.03027,14547.50977,14547.50977,207200000
4/22/2013,14547.50977,14588.83008,14457.59961,14567.16992,14567.16992,146890000
4/23/2013,14567.16992,14721.41992,14554.29004,14719.45996,14719.45996,137320000
4/24/2013,14719.45996,14747.41992,14666.54004,14676.29981,14676.29981,138020000
4/25/2013,14676.29981,14768.04981,14665.4502,14700.79981,14700.79981,129600000
4/26/2013,14700.79981,14743.49023,14684.82031,14712.54981,14712.54981,128910000
4/29/2013,14712.54981,14844.95996,14712.54981,14818.75,14818.75,97060000
4/30/2013,14818.75,14839.79981,14734.46973,14839.79981,14839.79981,148250000
5/1/2013,14839.79981,14839.79981,14687.04981,14700.9502,14700.9502,112620000
5/2/2013,14700.9502,14834.62988,14700.9502,14831.58008,14831.58008,91180000
5/3/2013,14831.58008,15009.58984,14831.58008,14973.95996,14973.95996,119890000
5/6/2013,14973.95996,14988.87012,14941.08984,14968.88965,14968.88965,116160000
5/7/2013,14968.88965,15056.66992,14968.88965,15056.2002,15056.2002,117230000
5/8/2013,15056.2002,15106.80957,15021.87012,15105.12012,15105.12012,113510000
5/9/2013,15105.12012,15144.83008,15046.87012,15082.62012,15082.62012,97810000
5/10/2013,15082.62012,15118.49023,15038.17969,15118.49023,15118.49023,98980000
5/13/2013,15113.41992,15113.41992,15053.45996,15091.67969,15091.67969,94280000
5/14/2013,15091.67969,15219.54981,15089.29981,15215.25,15215.25,124590000
5/15/2013,15211.87012,15301.33984,15175.38965,15275.69043,15275.69043,124030000
5/16/2013,15273.91992,15302.49023,15215.82031,15233.21973,15233.21973,145090000
5/17/2013,15234.75,15357.40039,15234.75,15354.40039,15354.40039,175750000
5/20/2013,15348.33008,15391.83984,15314.15039,15335.28027,15335.28027,116420000
5/21/2013,15334.96973,15434.5,15325.67969,15387.58008,15387.58008,122970000
5/22/2013,15387.12012,15542.40039,15265.95996,15307.16992,15307.16992,171850000
5/23/2013,15300.57031,15348.41016,15180.23047,15294.5,15294.5,148810000
5/24/2013,15290.74023,15306.70996,15199.62988,15303.09961,15303.09961,105660000
5/28/2013,15307.33008,15521.49023,15307.33008,15409.38965,15409.38965,130680000
5/29/2013,15399.94043,15400.25,15229.53027,15302.79981,15302.79981,114020000
5/30/2013,15306.01953,15398.7002,15280.99023,15324.53027,15324.53027,121150000
5/31/2013,15322.21973,15392.37988,15115.57031,15115.57031,15115.57031,208830000
6/3/2013,15123.54981,15254.11035,15123.54981,15254.03027,15254.03027,147980000
6/4/2013,15255.21973,15304.98047,15100.78027,15177.54004,15177.54004,134280000
6/5/2013,15168.09961,15168.62988,14945.57031,14960.58984,14960.58984,141400000
6/6/2013,14955.4502,15040.62012,14844.21973,15040.62012,15040.62012,140410000
6/7/2013,15044.45996,15255.58008,15044.45996,15248.12012,15248.12012,137380000
6/10/2013,15247.80957,15300.63965,15211.25,15238.58984,15238.58984,94250000
6/11/2013,15231.37988,15251.07031,15086.08984,15122.01953,15122.01953,101610000
6/12/2013,15130.38965,15241.28027,14981.20996,14995.23047,14995.23047,105770000
6/13/2013,14992.54004,15202.26953,14953.4502,15176.08008,15176.08008,104490000
6/14/2013,15178.08008,15205.91992,15044.79981,15070.17969,15070.17969,107430000
6/17/2013,15078.70996,15261.70996,15078.70996,15179.84961,15179.84961,139250000
6/18/2013,15186.29981,15340.08984,15186.29981,15318.23047,15318.23047,99210000
6/19/2013,15315.46973,15322.07031,15112.11035,15112.19043,15112.19043,111380000
6/20/2013,15105.50977,15105.50977,14732.03027,14758.32031,14758.32031,172630000
6/21/2013,14760.62012,14858.55957,14688.42969,14799.40039,14799.40039,420080000
6/24/2013,14795.79004,14795.79004,14551.26953,14659.55957,14659.55957,158670000
6/25/2013,14669.69043,14812.03027,14669.69043,14760.30957,14760.30957,135940000
6/26/2013,14769.99023,14938.98047,14769.67969,14910.13965,14910.13965,133230000
6/27/2013,14921.28027,15075.00977,14921.28027,15024.49023,15024.49023,113650000
6/28/2013,15016.58008,15034.62988,14884.79981,14909.59961,14909.59961,230000000
7/1/2013,14911.59961,15083.28027,14911.59961,14974.95996,14974.95996,120570000
7/2/2013,14974.95996,15049.21973,14870.50977,14932.41016,14932.41016,116610000
7/3/2013,14923.73047,15025.90039,14858.92969,14988.37012,14988.37012,61000000
7/5/2013,14995.45996,15137.50977,14971.2002,15135.83984,15135.83984,94560000
7/8/2013,15137.21973,15262.71973,15137.21973,15224.69043,15224.69043,136820000
7/9/2013,15228.45996,15320.41992,15228.45996,15300.33984,15300.33984,109270000
7/10/2013,15298.03027,15348.9502,15258.88965,15291.66016,15291.66016,105050000
7/11/2013,15298,15483.54981,15298,15460.91992,15460.91992,124950000
7/12/2013,15460.69043,15498.38965,15410.26953,15464.29981,15464.29981,130140000
7/15/2013,15459.69043,15509.48047,15455.76953,15484.25977,15484.25977,99430000
7/16/2013,15485.03027,15498.16016,15415.70996,15451.84961,15451.84961,105970000
7/17/2013,15456.91992,15502,15438.12012,15470.51953,15470.51953,126240000
7/18/2013,15465.91016,15589.40039,15465.91016,15548.54004,15548.54004,136270000
7/19/2013,15524.26953,15544.54981,15491.95996,15543.74023,15543.74023,229260000
7/22/2013,15543.96973,15576.20996,15516.2002,15545.54981,15545.54981,180920000
7/23/2013,15547,15604.21973,15544.05957,15567.74023,15567.74023,98700000
7/24/2013,15576.69043,15602.59961,15496.83984,15542.24023,15542.24023,99320000
7/25/2013,15539.16992,15560.33008,15455.58984,15555.61035,15555.61035,103260000
7/26/2013,15547.84961,15560.96973,15405.16016,15558.83008,15558.83008,94880000
7/29/2013,15557.13965,15557.13965,15482.26953,15521.96973,15521.96973,87240000
7/30/2013,15534.49023,15593.91016,15479.12988,15520.58984,15520.58984,117550000
7/31/2013,15528.57031,15634.32031,15492.95996,15499.54004,15499.54004,145120000
8/1/2013,15503.84961,15650.69043,15503.84961,15628.01953,15628.01953,111040000
8/2/2013,15627.55957,15658.42969,15558.67969,15658.36035,15658.36035,104840000
8/5/2013,15651.98047,15655.20996,15584.83008,15612.12988,15612.12988,76850000
8/6/2013,15608.44043,15608.44043,15473.40039,15518.74023,15518.74023,87730000
8/7/2013,15516.20996,15516.20996,15421.75,15470.66992,15470.66992,88430000
8/8/2013,15477.26953,15557.12012,15418.59961,15498.32031,15498.32031,90990000
8/9/2013,15496.62988,15507.75977,15346.65039,15425.50977,15425.50977,81180000
8/12/2013,15415.21973,15441.75,15359.92969,15419.67969,15419.67969,78060000
8/13/2013,15420.67969,15504.13965,15342.33984,15451.00977,15451.00977,84790000
8/14/2013,15447.70996,15453.08008,15316.62012,15337.66016,15337.66016,91030000
8/15/2013,15332.70996,15332.70996,15094.03027,15112.19043,15112.19043,128340000
8/16/2013,15112.57031,15139.76953,15054.37988,15081.46973,15081.46973,151620000
8/19/2013,15076.79004,15106.38965,15005.41992,15010.74023,15010.74023,111660000
8/20/2013,15011.82031,15074.91992,14992.16016,15002.99023,15002.99023,102340000
8/21/2013,14993.80957,15019.7002,14880.83984,14897.54981,14897.54981,98340000
8/22/2013,14908.59961,14989.12012,14899,14963.74023,14963.74023,153490000
8/23/2013,14988.78027,15025.55957,14931.24023,15010.50977,15010.50977,131860000
8/26/2013,15014.58008,15049.98047,14945.24023,14946.45996,14946.45996,102820000
8/27/2013,14939.25,14939.25,14765.41992,14776.12988,14776.12988,118610000
8/28/2013,14770.99023,14867.40039,14760.41016,14824.50977,14824.50977,104620000
8/29/2013,14817.91016,14916.00977,14792.11035,14840.9502,14840.9502,93170000
8/30/2013,14844.09961,14848.24023,14762.34961,14810.30957,14810.30957,135850000
9/3/2013,14801.54981,14933.34961,14777.48047,14833.95996,14833.95996,142530000
9/4/2013,14832.41992,14956.74023,14799.08984,14930.87012,14930.87012,122150000
9/5/2013,14929.49023,14987.46973,14923.26953,14937.48047,14937.48047,101010000
9/6/2013,14941.54981,15009.83984,14789.40039,14922.5,14922.5,108410000
9/9/2013,14927.19043,15088.41016,14927.19043,15063.12012,15063.12012,90660000
9/10/2013,15067.23047,15192.12988,15067.23047,15191.05957,15191.05957,103200000
9/11/2013,15194.12988,15326.59961,15194.12988,15326.59961,15326.59961,102090000
9/12/2013,15327.13965,15345.32031,15283.25977,15300.63965,15300.63965,99760000
9/13/2013,15312.86035,15380.96973,15312.86035,15376.05957,15376.05957,90890000
9/16/2013,15381.36035,15549.87012,15381.36035,15494.78027,15494.78027,105740000
9/17/2013,15503.15039,15555.07031,15503.15039,15529.73047,15529.73047,104480000
9/18/2013,15533.03027,15709.58008,15470.16016,15676.94043,15676.94043,145410000
9/19/2013,15677.86035,15695.88965,15625.4502,15636.54981,15636.54981,116280000
9/20/2013,15635.08984,15654.76953,15448.08984,15451.08984,15451.08984,379650000
9/23/2013,15452.30957,15466.9502,15368.25,15401.37988,15401.37988,94920000
9/24/2013,15402.54004,15433.75,15327.13965,15334.58984,15334.58984,85430000
9/25/2013,15339.01953,15372.48047,15253.16016,15273.25977,15273.25977,81890000
9/26/2013,15274.41992,15387.19043,15274.41992,15328.29981,15328.29981,79050000
9/27/2013,15317.4502,15317.4502,15211.80957,15258.24023,15258.24023,95660000
9/30/2013,15249.82031,15249.82031,15086.70996,15129.66992,15129.66992,122330000
10/1/2013,15132.49023,15208.40039,15110.33984,15191.7002,15191.7002,82460000
10/2/2013,15182.65039,15182.65039,15044.70996,15133.13965,15133.13965,86090000
10/3/2013,15127.23047,15127.23047,14947.03027,14996.48047,14996.48047,91300000
10/4/2013,14994.67969,15083.99023,14972.33008,15072.58008,15072.58008,75100000
10/7/2013,15069.29981,15069.29981,14920.83008,14936.24023,14936.24023,79620000
10/8/2013,14938.04004,14938.04004,14773.46973,14776.53027,14776.53027,102690000
10/9/2013,14778.19043,14852.5,14719.42969,14802.98047,14802.98047,103190000
10/10/2013,14806.38965,15126.07031,14806.38965,15126.07031,15126.07031,106540000
10/11/2013,15126.51953,15237.29981,15100.12988,15237.11035,15237.11035,85730000
10/14/2013,15231.33008,15309.48047,15136.37988,15301.25977,15301.25977,81420000
10/15/2013,15300.29981,15301.91016,15161.33008,15168.00977,15168.00977,91440000
10/16/2013,15170.7002,15374.15039,15170.7002,15373.83008,15373.83008,92850000
10/17/2013,15369.45996,15376.11035,15229.01953,15371.65039,15371.65039,108490000
10/18/2013,15371.70996,15412.96973,15321.80957,15399.65039,15399.65039,156660000
10/21/2013,15401.32031,15410.17969,15362.66016,15392.2002,15392.2002,93660000
10/22/2013,15394.21973,15518.09961,15394.21973,15467.66016,15467.66016,107030000
10/23/2013,15465.33984,15465.66016,15366.19043,15413.33008,15413.33008,90630000
10/24/2013,15414.87012,15528.62988,15414.12988,15509.20996,15509.20996,89240000
10/25/2013,15523.71973,15570.59961,15512.95996,15570.28027,15570.28027,109900000
10/28/2013,15569.19043,15599.08984,15533.48047,15568.92969,15568.92969,92760000
10/29/2013,15572.20996,15683.08008,15572.20996,15680.34961,15680.34961,86600000
10/30/2013,15680.74023,15721,15574.51953,15618.75977,15618.75977,79170000
10/31/2013,15619.91992,15651.86035,15544.69043,15545.75,15545.75,114050000
11/1/2013,15558.00977,15649.40039,15543.25,15615.54981,15615.54981,101830000
11/4/2013,15621.2002,15658.90039,15588.48047,15639.12012,15639.12012,71200000
11/5/2013,15631.21973,15651.88965,15522.17969,15618.21973,15618.21973,91890000
11/6/2013,15628.71973,15750.29004,15628.71973,15746.87988,15746.87988,109200000
11/7/2013,15751.30957,15797.67969,15586.33008,15593.98047,15593.98047,103860000
11/8/2013,15591.54004,15764.29004,15579.34961,15761.78027,15761.78027,101200000
11/11/2013,15759.28027,15791.4502,15737.21973,15783.09961,15783.09961,58860000
11/12/2013,15773.15039,15793.37988,15708.29004,15750.66992,15750.66992,79260000
11/13/2013,15739.5,15822.98047,15672,15821.62988,15821.62988,92450000
11/14/2013,15806.21973,15884.99023,15798.74023,15876.21973,15876.21973,123860000
11/15/2013,15876.16016,15962.98047,15875.90039,15961.7002,15961.7002,126460000
11/18/2013,15962.71973,16030.28027,15942.16992,15976.01953,15976.01953,94860000
11/19/2013,15974.05957,16025.84961,15943.78027,15967.03027,15967.03027,84570000
11/20/2013,15971.2002,16016.84961,15865.37012,15900.82031,15900.82031,84350000
11/21/2013,15908.07031,16016.04004,15908.07031,16009.99023,16009.99023,79000000
11/22/2013,16008.70996,16068.78027,15976.26953,16064.76953,16064.76953,81000000
11/25/2013,16072.08984,16109.62988,16055.45996,16072.54004,16072.54004,94040000
11/26/2013,16070.92969,16120.25,16070.92969,16072.79981,16072.79981,107450000
11/27/2013,16073.37012,16107.99023,16057.33984,16097.33008,16097.33008,65730000
11/29/2013,16105.16016,16174.50977,16074.13965,16086.41016,16086.41016,69190000
12/2/2013,16087.12012,16098,15986.23047,16008.76953,16008.76953,92590000
12/3/2013,16004.71973,16004.71973,15859.67969,15914.62012,15914.62012,103910000
12/4/2013,15910.50977,15960.36035,15791.29004,15889.76953,15889.76953,111180000
12/5/2013,15886.5,15896.19043,15809.37012,15821.50977,15821.50977,128080000
12/6/2013,15825.54981,16022.34961,15825.54981,16020.2002,16020.2002,98260000
12/9/2013,16019.49023,16058.40039,16015.29004,16025.53027,16025.53027,91810000
12/10/2013,16024.12012,16029.05957,15969.53027,15973.12988,15973.12988,79420000
12/11/2013,15970.75,15997.21973,15827.7002,15843.53027,15843.53027,107170000
12/12/2013,15844.82031,15845.11035,15703.79004,15739.42969,15739.42969,105870000
12/13/2013,15745.66016,15792.79981,15717.91992,15755.36035,15755.36035,83180000
12/16/2013,15759.59961,15930.30957,15759.59961,15884.57031,15884.57031,101470000
12/17/2013,15884.05957,15917.95996,15836.4502,15875.25977,15875.25977,101490000
12/18/2013,15876.57031,16173.04004,15808.91992,16167.96973,16167.96973,129620000
12/19/2013,16162.50977,16194.71973,16121.54004,16179.08008,16179.08008,94980000
12/20/2013,16178.57031,16287.83984,16178.57031,16221.13965,16221.13965,285190000
12/23/2013,16225.25,16318.11035,16225.25,16294.61035,16294.61035,78930000
12/24/2013,16295.7002,16360.59961,16295.7002,16357.54981,16357.54981,33640000
12/26/2013,16370.96973,16483,16370.96973,16479.88086,16479.88086,50160000
12/27/2013,16486.36914,16529.00977,16461.23047,16478.41016,16478.41016,47230000
12/30/2013,16484.50977,16504.34961,16476.86914,16504.28906,16504.28906,54220000
12/31/2013,16512.38086,16588.25,16511.48047,16576.66016,16576.66016,78760000
1/2/2014,16572.16992,16573.07031,16416.49023,16441.34961,16441.34961,80960000
1/3/2014,16456.89063,16518.74023,16439.30078,16469.99023,16469.99023,72770000
1/6/2014,16474.03906,16532.99023,16405.51953,16425.09961,16425.09961,89380000
1/7/2014,16429.01953,16562.32031,16429.01953,16530.93945,16530.93945,81270000
1/8/2014,16527.66016,16528.88086,16416.68945,16462.74023,16462.74023,103260000
1/9/2014,16471.41016,16525.34961,16378.61035,16444.75977,16444.75977,83990000
1/10/2014,16453.61914,16487.65039,16379.01953,16437.05078,16437.05078,85190000
1/13/2014,16434.0293,16453.13086,16240.59961,16257.94043,16257.94043,111680000
1/14/2014,16261.99023,16373.91992,16260.83008,16373.86035,16373.86035,98610000
1/15/2014,16378.03027,16505.2793,16376.78027,16481.93945,16481.93945,101130000
1/16/2014,16477.69922,16477.69922,16375.55957,16417.00977,16417.00977,87370000
1/17/2014,16408.01953,16495.25977,16378.79981,16458.56055,16458.56055,184970000
1/21/2014,16459.26953,16520.59961,16316.25,16414.43945,16414.43945,111570000
1/22/2014,16420.48047,16453.49023,16332.98047,16373.33984,16373.33984,87470000
1/23/2014,16371.99023,16372.95996,16140.58008,16197.34961,16197.34961,100540000
1/24/2014,16203.29004,16203.29004,15879.11035,15879.11035,15879.11035,141450000
1/27/2014,15879.04981,15942.76953,15783.54981,15837.87988,15837.87988,127540000
1/28/2014,15840.83984,15945.88965,15840.83984,15928.55957,15928.55957,89110000
1/29/2014,15927.08008,15927.08008,15708.98047,15738.79004,15738.79004,109590000
1/30/2014,15743.03027,15907.53027,15733.26953,15848.61035,15848.61035,92100000
1/31/2014,15847.19043,15847.19043,15617.54981,15698.84961,15698.84961,137090000
2/3/2014,15697.69043,15708.54004,15356.16992,15372.79981,15372.79981,151050000
2/4/2014,15372.92969,15481.84961,15356.62012,15445.24023,15445.24023,124110000
2/5/2014,15443,15478.20996,15340.69043,15440.23047,15440.23047,105130000
2/6/2014,15443.83008,15632.08984,15443,15628.53027,15628.53027,106980000
2/7/2014,15630.63965,15798.50977,15625.53027,15794.08008,15794.08008,105780000
2/10/2014,15793.62988,15801.79004,15733.69043,15801.79004,15801.79004,84110000
2/11/2014,15804.16992,16027.19043,15803.40039,15994.76953,15994.76953,95930000
2/12/2014,15993.04004,16036.55957,15928.75,15963.94043,15963.94043,77310000
2/13/2014,15946.99023,16039.37012,15863.25,16027.58984,16027.58984,99470000
2/14/2014,16018.08008,16175.54981,15985.38965,16154.38965,16154.38965,84060000
2/18/2014,16153.96973,16167.33008,16107.04004,16130.40039,16130.40039,91250000
2/19/2014,16126.23047,16225.71973,16031.66016,16040.55957,16040.55957,80560000
2/20/2014,16044.15039,16161.63965,16006.58984,16133.23047,16133.23047,77720000
2/21/2014,16135.91992,16191.91992,16093.79981,16103.29981,16103.29981,126580000
2/24/2014,16102.26953,16300.04004,16102.26953,16207.13965,16207.13965,244580000
2/25/2014,16207.33984,16254.25977,16147.25,16179.66016,16179.66016,99470000
2/26/2014,16180.36035,16252.34961,16155.86035,16198.41016,16198.41016,93980000
2/27/2014,16197.7002,16276.28027,16159.80957,16272.65039,16272.65039,97640000
2/28/2014,16273.23047,16398.94922,16226.08984,16321.70996,16321.70996,122110000
3/3/2014,16321.70996,16321.70996,16071.25,16168.03027,16168.03027,92760000
3/4/2014,16169.32031,16419.49023,16169.32031,16395.88086,16395.88086,96120000
3/5/2014,16395.88086,16406.55078,16343.95996,16360.17969,16360.17969,73980000
3/6/2014,16360.55957,16450.16992,16360.55957,16421.89063,16421.89063,75900000
3/7/2014,16424.5293,16505.69922,16398.85938,16452.7207,16452.7207,80690000
3/10/2014,16453.09961,16453.09961,16334.2002,16418.67969,16418.67969,68210000
3/11/2014,16419.39063,16460.33008,16325.16992,16351.25,16351.25,78150000
3/12/2014,16350.66992,16364.74023,16260.03027,16340.08008,16340.08008,77900000
3/13/2014,16341.54981,16405.07031,16084.09961,16108.88965,16108.88965,86160000
3/14/2014,16106.32031,16165.04981,16046.99023,16065.66992,16065.66992,85660000
3/17/2014,16066.37012,16270.33984,16066.37012,16247.21973,16247.21973,88930000
3/18/2014,16245.92969,16369.94043,16245.92969,16336.19043,16336.19043,79140000
3/19/2014,16335.70996,16363.32031,16126.29004,16222.16992,16222.16992,90110000
3/20/2014,16221.98047,16353.98047,16160.33008,16331.04981,16331.04981,91530000
3/21/2014,16332.69043,16456.44922,16290.79004,16302.76953,16302.76953,353670000
3/24/2014,16303.28027,16380.50977,16215.55957,16276.69043,16276.69043,110620000
3/25/2014,16279.2002,16407.17969,16279.2002,16367.87988,16367.87988,89110000
3/26/2014,16370.70996,16466.03906,16268.99023,16268.99023,16268.99023,92770000
3/27/2014,16268.66992,16300.94043,16191.79004,16264.23047,16264.23047,93650000
3/28/2014,16267.76953,16414.85938,16267.76953,16323.05957,16323.05957,86370000
3/31/2014,16324.21973,16480.84961,16324.21973,16457.66016,16457.66016,104510000
4/1/2014,16458.05078,16565.73047,16457.59961,16532.60938,16532.60938,88010000
4/2/2014,16532.80078,16588.18945,16506.59961,16573,16573,78120000
4/3/2014,16572.35938,16604.15039,16527.59961,16572.55078,16572.55078,77220000
4/4/2014,16576.01953,16631.63086,16392.76953,16412.71094,16412.71094,104350000
4/7/2014,16414.15039,16421.38086,16244.00977,16245.87012,16245.87012,116540000
4/8/2014,16245.16016,16296.86035,16180.28027,16256.13965,16256.13965,98510000
4/9/2014,16256.37012,16438.82031,16256.37012,16437.17969,16437.17969,91550000
4/10/2014,16437.24023,16456.11914,16153.33984,16170.21973,16170.21973,112550000
4/11/2014,16168.87012,16168.87012,16015.32031,16026.75,16026.75,119550000
4/14/2014,16028.29004,16184.75977,16028.29004,16173.24023,16173.24023,90020000
4/15/2014,16173.49023,16272.9502,16063.2002,16262.55957,16262.55957,97850000
4/16/2014,16266.23047,16424.84961,16266.23047,16424.84961,16424.84961,94650000
4/17/2014,16424.14063,16460.49023,16368.13965,16408.53906,16408.53906,136190000
4/21/2014,16408.91992,16459.7793,16402.08008,16449.25,16449.25,79500000
4/22/2014,16449.38086,16565.71094,16449.38086,16514.36914,16514.36914,84830000
4/23/2014,16513.73047,16525.99023,16477.2793,16501.65039,16501.65039,76830000
4/24/2014,16503.39063,16541.25977,16452.30078,16501.65039,16501.65039,80340000
4/25/2014,16503.25977,16503.25977,16333.78027,16361.45996,16361.45996,90630000
4/28/2014,16363.2002,16500.36914,16312.66016,16448.74023,16448.74023,105510000
4/29/2014,16451.17969,16559.39063,16451.17969,16535.36914,16535.36914,71240000
4/30/2014,16534.85938,16592.2793,16510.86914,16580.83984,16580.83984,92970000
5/1/2014,16580.25977,16604.78906,16525.25,16558.86914,16558.86914,75630000
5/2/2014,16562.33984,16620.06055,16488.31055,16512.89063,16512.89063,78910000
5/5/2014,16509.75,16547.91992,16377.08984,16530.55078,16530.55078,70320000
5/6/2014,16529.84961,16529.84961,16399.99023,16401.01953,16401.01953,74340000
5/7/2014,16401.66016,16522.93945,16357.34961,16518.53906,16518.53906,93870000
5/8/2014,16518.16016,16622.94922,16502.00977,16550.9707,16550.9707,75620000
5/9/2014,16551.23047,16588.76953,16498.71094,16583.33984,16583.33984,74980000
5/12/2014,16584.82031,16704.83984,16584.82031,16695.4707,16695.4707,71550000
5/13/2014,16695.91992,16735.50977,16695.91992,16715.43945,16715.43945,71340000
5/14/2014,16716.08008,16717.56055,16595,16613.9707,16613.9707,71970000
5/15/2014,16613.51953,16622.90039,16397.46094,16446.81055,16446.81055,106610000
5/16/2014,16447.32031,16498.99023,16414.32031,16491.31055,16491.31055,119330000
5/19/2014,16490.34961,16526.25977,16442.11914,16511.85938,16511.85938,82180000
5/20/2014,16511.2207,16511.2207,16341.29981,16374.30957,16374.30957,75150000
5/21/2014,16376.16992,16544.59961,16376.16992,16533.06055,16533.06055,76730000
5/22/2014,16532.74023,16565.39063,16489.60938,16543.08008,16543.08008,59250000
5/23/2014,16544.49023,16613.07031,16544.49023,16606.26953,16606.26953,61340000
5/27/2014,16607.41992,16688.68945,16607.41992,16675.5,16675.5,80870000
5/28/2014,16674.98047,16674.98047,16620.2207,16633.17969,16633.17969,62480000
5/29/2014,16637.74023,16698.74023,16620.42969,16698.74023,16698.74023,55500000
5/30/2014,16697.33008,16721.2207,16648.84961,16717.16992,16717.16992,105190000
6/2/2014,16716.84961,16756.64063,16682.07031,16743.63086,16743.63086,57560000
6/3/2014,16736.69922,16736.69922,16690.00977,16722.33984,16722.33984,67830000
6/4/2014,16720,16742.91016,16673.65039,16737.5293,16737.5293,65570000
6/5/2014,16739.14063,16845.81055,16709.94922,16836.10938,16836.10938,70460000
6/6/2014,16839.64063,16924.2793,16839.64063,16924.2793,16924.2793,80530000
6/9/2014,16926.08008,16970.16992,16912.91992,16943.09961,16943.09961,67130000
6/10/2014,16940.40039,16946.33984,16897.43945,16945.91992,16945.91992,64560000
6/11/2014,16943.16016,16943.16016,16821.84961,16843.88086,16843.88086,61860000
6/12/2014,16840.48047,16841.57031,16703.73047,16734.18945,16734.18945,72560000
6/13/2014,16734.64063,16787.89063,16718.59961,16775.74023,16775.74023,95220000
6/16/2014,16765.56055,16802.14063,16722.85938,16781.00977,16781.00977,77900000
6/17/2014,16779.21094,16823.55078,16732.91016,16808.49023,16808.49023,63530000
6/18/2014,16806.11914,16911.41016,16755.28906,16906.61914,16906.61914,73720000
6/19/2014,16909.90039,16923.42969,16858.88086,16921.46094,16921.46094,80220000
6/20/2014,16920.61914,16978.01953,16920.61914,16947.08008,16947.08008,247350000
6/23/2014,16946.5,16954.26953,16896.08984,16937.25977,16937.25977,63640000
6/24/2014,16934.61914,16969.69922,16805.23047,16818.13086,16818.13086,80220000
6/25/2014,16817.67969,16883.53906,16799.41016,16867.50977,16867.50977,73920000
6/26/2014,16866.81055,16872.51953,16746.08984,16846.13086,16846.13086,63650000
6/27/2014,16846.90039,16862.73047,16773.83984,16851.83984,16851.83984,137690000
6/30/2014,16852.49023,16871.26953,16801.93945,16826.59961,16826.59961,90360000
7/1/2014,16828.5293,16998.69922,16828.5293,16956.07031,16956.07031,74050000
7/2/2014,16949.71094,16986.63086,16949.71094,16976.24023,16976.24023,57840000
7/3/2014,16979,17074.65039,16979,17068.25977,17068.25977,66800000
7/7/2014,17063.83008,17063.83008,16992.44922,17024.21094,17024.21094,61480000
7/8/2014,17022.08984,17022.08984,16874.78906,16906.61914,16906.61914,75250000
7/9/2014,16916.83008,16998.94922,16913.81055,16985.60938,16985.60938,67120000
7/10/2014,16980.34961,16980.34961,16805.38086,16915.07031,16915.07031,67510000
7/11/2014,16918.31055,16949.46094,16860.30078,16943.81055,16943.81055,61000000
7/14/2014,16950.92969,17088.42969,16950.92969,17055.41992,17055.41992,60570000
7/15/2014,17055.0293,17120.33984,17006.39063,17060.67969,17060.67969,101730000
7/16/2014,17061.91016,17139.34961,17061.91016,17138.19922,17138.19922,111500000
7/17/2014,17133.44922,17151.56055,16966.18945,16976.81055,16976.81055,99240000
7/18/2014,16978.16016,17113.50977,16977.51953,17100.17969,17100.17969,112530000
7/21/2014,17095.10938,17095.10938,16974.33984,17051.73047,17051.73047,67590000
7/22/2014,17054.9707,17133.42969,17040.13086,17113.53906,17113.53906,77960000
7/23/2014,17117.00977,17121.05078,17058.05078,17086.63086,17086.63086,73440000
7/24/2014,17092.01953,17119.83008,17061.07031,17083.80078,17083.80078,66390000
7/25/2014,17079.5,17082.33008,16915.65039,16960.57031,16960.57031,67290000
7/28/2014,16956.91016,17001.38086,16877.7207,16982.58984,16982.58984,66190000
7/29/2014,16984.33008,17056.46094,16912.10938,16912.10938,16912.10938,75980000
7/30/2014,16920.10938,16983.93945,16817.16016,16880.35938,16880.35938,77750000
7/31/2014,16869.63086,16869.63086,16563.30078,16563.30078,16563.30078,101670000
8/1/2014,16561.69922,16584.75,16437.07031,16493.36914,16493.36914,84860000
8/4/2014,16493.7207,16596.2207,16447.19922,16569.2793,16569.2793,76260000
8/5/2014,16559.9707,16559.9707,16369.54981,16429.4707,16429.4707,76630000
8/6/2014,16425.09961,16490.69922,16372.32031,16443.33984,16443.33984,78600000
8/7/2014,16448.28906,16504.34961,16333.78027,16368.26953,16368.26953,80430000
8/8/2014,16369.67969,16556.58984,16364.21973,16553.92969,16553.92969,82420000
8/11/2014,16557.26953,16627.99023,16557.26953,16569.98047,16569.98047,65560000
8/12/2014,16565.55078,16589.31055,16518.06055,16560.53906,16560.53906,62770000
8/13/2014,16567.53906,16670.28906,16567.53906,16651.80078,16651.80078,66020000
8/14/2014,16657.32031,16714.2207,16651.66992,16713.58008,16713.58008,62370000
8/15/2014,16717.00977,16775.26953,16575.41992,16662.91016,16662.91016,109180000
8/18/2014,16664.44922,16840.2793,16664.44922,16838.74023,16838.74023,75670000
8/19/2014,16839.06055,16929.13086,16839.06055,16919.58984,16919.58984,67220000
8/20/2014,16910.0293,16994.89063,16896.55078,16979.13086,16979.13086,61960000
8/21/2014,16983.88086,17074.58984,16983.88086,17039.49023,17039.49023,65160000
8/22/2014,17038.26953,17064.2793,16984.51953,17001.2207,17001.2207,64330000
8/25/2014,17011.81055,17124.74023,17011.81055,17076.86914,17076.86914,57400000
8/26/2014,17079.57031,17153.80078,17079.57031,17106.69922,17106.69922,50710000
8/27/2014,17111.0293,17134.59961,17090.60938,17122.00977,17122.00977,61690000
8/28/2014,17119.06055,17119.06055,17018.33008,17079.57031,17079.57031,51860000
8/29/2014,17083.41992,17110.41992,17035.38086,17098.44922,17098.44922,81500000
9/2/2014,17097.41992,17113.50977,17009.07031,17067.56055,17067.56055,64820000
9/3/2014,17067.24023,17151.89063,17060.21094,17078.2793,17078.2793,62770000
9/4/2014,17083.60938,17161.55078,17030.11914,17069.58008,17069.58008,68120000
9/5/2014,17065.89063,17137.35938,17009.61914,17137.35938,17137.35938,76630000
9/8/2014,17131.71094,17137.88086,17079.16992,17111.41992,17111.41992,65640000
9/9/2014,17110.39063,17111.55078,16993.28906,17013.86914,17013.86914,69030000
9/10/2014,17016.05078,17080.26953,16974.57031,17068.71094,17068.71094,76780000
9/11/2014,17057.41016,17057.41016,16983.88086,17049,17049,63650000
9/12/2014,17044.05078,17044.05078,16937.66992,16987.50977,16987.50977,82820000
9/15/2014,16988.75977,17051.84961,16951.38086,17031.14063,17031.14063,71740000
9/16/2014,17027.16016,17167.05078,16985.55078,17131.9707,17131.9707,73200000
9/17/2014,17131.00977,17221.10938,17089.00977,17156.84961,17156.84961,87810000
9/18/2014,17163.73047,17275.36914,17163.73047,17265.99023,17265.99023,85300000
9/19/2014,17267.21094,17350.64063,17257.46094,17279.74023,17279.74023,349620000
9/22/2014,17271.71094,17277.88086,17159.35938,17172.67969,17172.67969,74300000
9/23/2014,17165.91016,17171.88086,17055.86914,17055.86914,17055.86914,77090000
9/24/2014,17056.64063,17226.59961,17033.92969,17210.06055,17210.06055,80530000
9/25/2014,17204.85938,17204.85938,16945.80078,16945.80078,16945.80078,93520000
9/26/2014,16948.61914,17148.15039,16948.10938,17113.15039,17113.15039,74670000
9/29/2014,17107.68945,17107.68945,16934.42969,17071.2207,17071.2207,70220000
9/30/2014,17070.44922,17145.09961,17017.10938,17042.90039,17042.90039,102290000
10/1/2014,17040.46094,17041.16016,16776.13086,16804.71094,16804.71094,104240000
10/2/2014,16808.26953,16857.25,16674.03906,16801.05078,16801.05078,75490000
10/3/2014,16802.19922,17027.83984,16802.19922,17009.68945,17009.68945,87940000
10/6/2014,17010.33984,17099.39063,16930.38086,16991.91016,16991.91016,655450000
10/7/2014,16988.25,16988.25,16715.78906,16719.39063,16719.39063,79420000
10/8/2014,16718.65039,17006.91016,16663.25977,16994.2207,16994.2207,106930000
10/9/2014,16989.36914,16989.36914,16649.03906,16659.25,16659.25,93210000
10/10/2014,16654.88086,16757.59961,16543.91016,16544.09961,16544.09961,136370000
10/13/2014,16535.42969,16602.41016,16310.46973,16321.07031,16321.07031,107830000
10/14/2014,16321.90039,16463.66992,16273.63965,16315.19043,16315.19043,110410000
10/15/2014,16313.29981,16313.29981,15855.12012,16141.74023,16141.74023,160380000
10/16/2014,16137.13965,16211.12012,15935.21973,16117.24023,16117.24023,131670000
10/17/2014,16118.38965,16427.38086,16118.38965,16380.41016,16380.41016,137910000
10/20/2014,16373.15039,16401.63086,16260.54004,16399.66992,16399.66992,94320000
10/21/2014,16406.0293,16620.7793,16405.76953,16614.81055,16614.81055,105110000
10/22/2014,16615.25977,16653.89063,16459.84961,16461.32031,16461.32031,92050000
10/23/2014,16468.07031,16767.51953,16468.07031,16677.90039,16677.90039,99420000
10/24/2014,16677.03906,16811.71094,16649.7207,16805.41016,16805.41016,90400000
10/27/2014,16796.09961,16836.98047,16729.83008,16817.93945,16817.93945,72580000
10/28/2014,16825.18945,17006.44922,16825.18945,17005.75,17005.75,83870000
10/29/2014,17005.07031,17065.5,16895.38086,16974.31055,16974.31055,76450000
10/30/2014,16968.14063,17223.96094,16920.75977,17195.41992,17195.41992,80180000
10/31/2014,17208.7793,17395.53906,17208.7793,17390.51953,17390.51953,121610000
11/3/2014,17390.90039,17410.65039,17339.84961,17366.24023,17366.24023,80030000
11/4/2014,17368.81055,17397.23047,17278.35938,17383.83984,17383.83984,81390000
11/5/2014,17385.75977,17486.58984,17385.75977,17484.5293,17484.5293,76030000
11/6/2014,17491.66016,17560.31055,17440.34961,17554.4707,17554.4707,70670000
11/7/2014,17558.58008,17575.33008,17493.36914,17573.92969,17573.92969,82860000
11/10/2014,17568.98047,17621.86914,17547.50977,17613.74023,17613.74023,71430000
11/11/2014,17615.64063,17638.21094,17584.93945,17614.90039,17614.90039,52880000
11/12/2014,17604.75,17626.71094,17536.16992,17612.19922,17612.19922,75980000
11/13/2014,17618.68945,17705.48047,17583.88086,17652.78906,17652.78906,80540000
11/14/2014,17653.10938,17664.15039,17613.19922,17634.74023,17634.74023,72850000
11/17/2014,17631.84961,17675.07031,17606.81055,17647.75,17647.75,70330000
11/18/2014,17643.08984,17735.71094,17642.0293,17687.82031,17687.82031,87420000
11/19/2014,17685.50977,17712.25977,17624.5,17685.73047,17685.73047,73780000
11/20/2014,17677.32031,17720.43945,17603.89063,17719,17719,77740000
11/21/2014,17721.01953,17894.83008,17721.01953,17810.06055,17810.06055,140940000
11/24/2014,17812.63086,17855.26953,17793.18945,17817.90039,17817.90039,85510000
11/25/2014,17819.05078,17854.73047,17790.89063,17814.93945,17814.93945,88190000
11/26/2014,17812.25,17833.75977,17791.16016,17827.75,17827.75,67450000
11/28/2014,17830.55078,17893.41992,17807.7793,17828.24023,17828.24023,80470000
12/1/2014,17827.26953,17827.26953,17726.55078,17776.80078,17776.80078,86390000
12/2/2014,17778.84961,17897.05078,17778.84961,17879.55078,17879.55078,81970000
12/3/2014,17880.90039,17924.15039,17855.58984,17912.61914,17912.61914,99400000
12/4/2014,17910.01953,17937.96094,17814.81055,17900.09961,17900.09961,76270000
12/5/2014,17903.05078,17991.18945,17903.05078,17958.78906,17958.78906,79110000
12/8/2014,17954.93945,17960.56055,17804.2793,17852.48047,17852.48047,88680000
12/9/2014,17847.36914,17847.36914,17629.57031,17801.19922,17801.19922,100400000
12/10/2014,17797.99023,17797.99023,17508.09961,17533.15039,17533.15039,115100000
12/11/2014,17534.30078,17758.50977,17534.30078,17596.33984,17596.33984,90100000
12/12/2014,17590.05078,17590.05078,17280.83008,17280.83008,17280.83008,121950000
12/15/2014,17285.74023,17403.53906,17115.2793,17180.83984,17180.83984,114050000
12/16/2014,17173.07031,17427.43945,17067.58984,17068.86914,17068.86914,116640000
12/17/2014,17069.16016,17389.30078,17069.16016,17356.86914,17356.86914,118220000
12/18/2014,17367.84961,17778.40039,17367.84961,17778.15039,17778.15039,123940000
12/19/2014,17778.01953,17874.0293,17746.55078,17804.80078,17804.80078,343690000
12/22/2014,17812.25,17962.7793,17812.25,17959.43945,17959.43945,98460000
12/23/2014,17971.50977,18069.2207,17970.16016,18024.16992,18024.16992,82890000
12/24/2014,18035.73047,18086.24023,18027.7793,18030.21094,18030.21094,42870000
12/26/2014,18038.30078,18103.44922,18038.30078,18053.71094,18053.71094,52570000
12/29/2014,18046.58008,18073.03906,18021.57031,18038.23047,18038.23047,53870000
12/30/2014,18035.01953,18035.01953,17959.69922,17983.07031,17983.07031,47490000
12/31/2014,17987.66016,18043.2207,17820.88086,17823.07031,17823.07031,82840000
1/2/2015,17823.07031,17951.7793,17731.30078,17832.99023,17832.99023,76270000
1/5/2015,17821.30078,17821.30078,17475.92969,17501.65039,17501.65039,116160000
1/6/2015,17504.17969,17581.05078,17262.36914,17371.64063,17371.64063,101870000
1/7/2015,17374.7793,17597.08008,17374.7793,17584.51953,17584.51953,91030000
1/8/2015,17591.9707,17916.03906,17591.9707,17907.86914,17907.86914,114890000
1/9/2015,17911.01953,17915.32031,17686.08984,17737.36914,17737.36914,93390000
1/12/2015,17742.05078,17793.88086,17571.58008,17640.83984,17640.83984,92500000
1/13/2015,17645.01953,17923.00977,17498.23047,17613.67969,17613.67969,99360000
1/14/2015,17609.06055,17609.06055,17264.90039,17427.08984,17427.08984,109180000
1/15/2015,17436.30078,17517.41016,17298.03906,17320.71094,17320.71094,94520000
1/16/2015,17320,17528.36914,17243.55078,17511.57031,17511.57031,140480000
1/20/2015,17516.96094,17588.69922,17346.73047,17515.23047,17515.23047,119600000
1/21/2015,17509.96094,17599.58008,17396.03906,17554.2793,17554.2793,95530000
1/22/2015,17557.28906,17840.89063,17482.53906,17813.98047,17813.98047,111980000
1/23/2015,17812.5,17812.5,17667.5293,17672.59961,17672.59961,97110000
1/26/2015,17668.10938,17696.35938,17567.59961,17678.69922,17678.69922,87220000
1/27/2015,17638.5293,17638.5293,17288.31055,17387.21094,17387.21094,135940000
1/28/2015,17402.91016,17484.41016,17189,17191.36914,17191.36914,115980000
1/29/2015,17195.28906,17433.13086,17136.30078,17416.84961,17416.84961,111690000
1/30/2015,17416.84961,17419.90039,17156.82031,17164.94922,17164.94922,168560000
2/2/2015,17169.99023,17367.67969,17037.75977,17361.03906,17361.03906,108090000
2/3/2015,17369.9707,17670.75977,17369.9707,17666.40039,17666.40039,112860000
2/4/2015,17664.99023,17782.2207,17603.21094,17673.01953,17673.01953,102560000
2/5/2015,17677.25977,17889.58008,17677.25977,17884.88086,17884.88086,79890000
2/6/2015,17881.53906,17951.08984,17764.40039,17824.28906,17824.28906,93610000
2/9/2015,17821.49023,17821.49023,17685.32031,17729.21094,17729.21094,81590000
2/10/2015,17736.15039,17890.33984,17729.24023,17868.75977,17868.75977,89930000
2/11/2015,17867.85938,17897.21094,17759.65039,17862.14063,17862.14063,89890000
2/12/2015,17862.14063,17975.65039,17862.14063,17972.38086,17972.38086,117160000
2/13/2015,17968.65039,18037.41016,17961.75977,18019.34961,18019.34961,85230000
2/17/2015,18019.80078,18052.00977,17951.41016,18047.58008,18047.58008,98760000
2/18/2015,18045.7207,18048.69922,17982.19922,18029.84961,18029.84961,75090000
2/19/2015,18028.66992,18028.66992,17924.59961,17985.76953,17985.76953,79130000
2/20/2015,17985.76953,18144.28906,17878.36914,18140.43945,18140.43945,111390000
2/23/2015,18140.75977,18141.21094,18054.83984,18116.83984,18116.83984,83670000
2/24/2015,18112.57031,18231.08984,18098.73047,18209.18945,18209.18945,79310000
2/25/2015,18208.66992,18244.38086,18182.75977,18224.57031,18224.57031,80480000
2/26/2015,18224.41016,18239.42969,18157.07031,18214.41992,18214.41992,81500000
2/27/2015,18213.25977,18213.25977,18132.38086,18132.69922,18132.69922,101110000
3/2/2015,18134.05078,18288.63086,18122.58984,18288.63086,18288.63086,89790000
3/3/2015,18281.94922,18281.94922,18136.88086,18203.36914,18203.36914,83830000
3/4/2015,18203.36914,18203.36914,18029.5,18096.90039,18096.90039,80900000
3/5/2015,18096.90039,18160.34961,18087.65039,18135.7207,18135.7207,75840000
3/6/2015,18135.7207,18135.7207,17825.15039,17856.7793,17856.7793,113350000
3/9/2015,17856.56055,18031.03906,17856.56055,17995.7207,17995.7207,85820000
3/10/2015,17989.56055,17989.56055,17662.93945,17662.93945,17662.93945,120450000
3/11/2015,17662.93945,17731.7793,17627,17635.39063,17635.39063,102120000
3/12/2015,17626.83984,17900.09961,17620.49023,17895.2207,17895.2207,111550000
3/13/2015,17889.05078,17889.05078,17629.89063,17749.31055,17749.31055,113620000
3/16/2015,17751.24023,17988.5,17751.24023,17977.41992,17977.41992,101760000
3/17/2015,17972.2207,17972.2207,17785.78906,17849.08008,17849.08008,82560000
3/18/2015,17846.80078,18097.11914,17697.51953,18076.18945,18076.18945,130950000
3/19/2015,18072.58008,18072.99023,17934.24023,17959.0293,17959.0293,107820000
3/20/2015,17961.13086,18197.28906,17961.13086,18127.65039,18127.65039,333870000
3/23/2015,18136.73047,18205.92969,18116.03906,18116.03906,18116.03906,98030000
3/24/2015,18110.86914,18149.24023,18010.43945,18011.14063,18011.14063,87190000
3/25/2015,18012.60938,18041.9707,17718.53906,17718.53906,17718.53906,106560000
3/26/2015,17716.26953,17759.50977,17579.26953,17678.23047,17678.23047,117740000
3/27/2015,17673.63086,17729.14063,17630.49023,17712.66016,17712.66016,103220000
3/30/2015,17727.48047,18008.64063,17727.48047,17976.31055,17976.31055,104040000
3/31/2015,17965.36914,17965.36914,17773.01953,17776.11914,17776.11914,119470000
4/1/2015,17778.51953,17778.51953,17585.00977,17698.17969,17698.17969,103360000
4/2/2015,17699.51953,17815.0293,17673.49023,17763.24023,17763.24023,87370000
4/6/2015,17755.5,17941.78906,17646.80078,17880.84961,17880.84961,100850000
4/7/2015,17884.32031,17983.11914,17871.21094,17875.41992,17875.41992,72150000
4/8/2015,17877.61914,17976.19922,17822.23047,17902.50977,17902.50977,76820000
4/9/2015,17902.50977,17984.2207,17823.09961,17958.73047,17958.73047,86740000
4/10/2015,17956.73047,18066.75977,17945.55078,18057.65039,18057.65039,116410000
4/13/2015,18052.32031,18107.57031,17974.81055,17977.03906,17977.03906,120090000
4/14/2015,17979.10938,18075.59961,17905.48047,18036.69922,18036.69922,82830000
4/15/2015,18045.71094,18160.51953,18045.71094,18112.60938,18112.60938,113610000
4/16/2015,18106.26953,18169.25977,18063.85938,18105.76953,18105.76953,89520000
4/17/2015,18102.56055,18102.56055,17748.5293,17826.30078,17826.30078,138860000
4/20/2015,17841.17969,18092.2207,17841.17969,18034.92969,18034.92969,103160000
4/21/2015,18034.23047,18109.69922,17929.63086,17949.58984,17949.58984,95180000
4/22/2015,17950.82031,18056.01953,17887.75977,18038.26953,18038.26953,91260000
4/23/2015,18031.90039,18133.0293,17966.76953,18058.68945,18058.68945,100240000
4/24/2015,18056.41992,18108.86914,18009.08008,18080.14063,18080.14063,119130000
4/27/2015,18097.89063,18175.56055,18024.66016,18037.9707,18037.9707,121110000
4/28/2015,18035.90039,18119.65039,17917.35938,18110.14063,18110.14063,124930000
4/29/2015,18093.68945,18096.46094,17953.68945,18035.5293,18035.5293,102080000
4/30/2015,18033.33008,18033.33008,17774.89063,17840.51953,17840.51953,129180000
5/1/2015,17859.26953,18028.89063,17859.26953,18024.06055,18024.06055,91700000
5/4/2015,18026.01953,18133.75977,18026.01953,18070.40039,18070.40039,86010000
5/5/2015,18062.5293,18086.00977,17905.71094,17928.19922,17928.19922,95340000
5/6/2015,17934.81055,18019.75,17733.11914,17841.98047,17841.98047,100430000
5/7/2015,17840.25,17973.07031,17796.93945,17924.06055,17924.06055,80920000
5/8/2015,17933.64063,18205.23047,17933.64063,18191.10938,18191.10938,94960000
5/11/2015,18187.7793,18199.94922,18089.10938,18105.16992,18105.16992,86050000
5/12/2015,18096.16016,18119.17969,17924.80078,18068.23047,18068.23047,89270000
5/13/2015,18070.36914,18132.78906,18039.19922,18060.49023,18060.49023,85180000
5/14/2015,18062.49023,18255.21094,18062.49023,18252.24023,18252.24023,91580000
5/15/2015,18251.9707,18272.7207,18215.07031,18272.56055,18272.56055,108220000
5/18/2015,18267.25,18325.53906,18244.25977,18298.88086,18298.88086,79080000
5/19/2015,18300.48047,18351.35938,18261.34961,18312.39063,18312.39063,87200000
5/20/2015,18315.06055,18350.13086,18272.56055,18285.40039,18285.40039,80190000
5/21/2015,18285.86914,18314.89063,18249.90039,18285.74023,18285.74023,84270000
5/22/2015,18286.86914,18286.86914,18217.14063,18232.01953,18232.01953,78890000
5/26/2015,18229.75,18229.75,17990.01953,18041.53906,18041.53906,109440000
5/27/2015,18045.08008,18190.34961,18045.08008,18162.99023,18162.99023,96400000
5/28/2015,18154.14063,18154.14063,18066.40039,18126.11914,18126.11914,67510000
5/29/2015,18128.11914,18128.11914,17967.74023,18010.67969,18010.67969,139810000
6/1/2015,18017.82031,18105.83008,17982.06055,18040.36914,18040.36914,85640000
6/2/2015,18033.33008,18091.86914,17925.33008,18011.93945,18011.93945,77550000
6/3/2015,18018.41992,18168.08984,18010.41992,18076.26953,18076.26953,73120000
6/4/2015,18072.4707,18087.15039,17876.94922,17905.58008,17905.58008,93470000
6/5/2015,17905.38086,17940.7793,17822.90039,17849.46094,17849.46094,89140000
6/8/2015,17849.46094,17852.34961,17760.60938,17766.55078,17766.55078,86300000
6/9/2015,17766.94922,17817.83008,17714.9707,17764.03906,17764.03906,90550000
6/10/2015,17765.38086,18045.14063,17765.38086,18000.40039,18000.40039,96980000
6/11/2015,18001.26953,18109.76953,18001.26953,18039.36914,18039.36914,89490000
6/12/2015,18035.83008,18035.83008,17857.07031,17898.83984,17898.83984,83760000
6/15/2015,17890.75977,17890.75977,17698.41992,17791.16992,17791.16992,91920000
6/16/2015,17787.42969,17919.61914,17774.11914,17904.48047,17904.48047,77510000
6/17/2015,17909.58008,17998,17839.65039,17935.74023,17935.74023,92410000
6/18/2015,17944.60938,18174.73047,17944.60938,18115.83984,18115.83984,94460000
6/19/2015,18116.24023,18117.71094,18010.58008,18015.94922,18015.94922,258300000
6/22/2015,18027.63086,18181.66992,18027.63086,18119.7793,18119.7793,77780000
6/23/2015,18121.7793,18188.81055,18108.09961,18144.07031,18144.07031,75970000
6/24/2015,18139.09961,18139.09961,17966.07031,17966.07031,17966.07031,104980000
6/25/2015,17977.10938,18036.09961,17890.35938,17890.35938,17890.35938,78990000
6/26/2015,17892.0293,18013.15039,17892.0293,17946.67969,17946.67969,158120000
6/29/2015,17936.74023,17936.74023,17590.55078,17596.34961,17596.34961,116340000
6/30/2015,17599.96094,17714.66016,17576.5,17619.50977,17619.50977,126460000
7/1/2015,17638.11914,17801.83008,17638.11914,17757.91016,17757.91016,87010000
7/2/2015,17763.32031,17825.49023,17687.51953,17730.10938,17730.10938,83080000
7/6/2015,17728.08008,17734.35938,17564.35938,17683.58008,17683.58008,90130000
7/7/2015,17684.91992,17793.44922,17465.67969,17776.91016,17776.91016,105840000
7/8/2015,17759.00977,17759.00977,17496.2207,17515.41992,17515.41992,69830000
7/9/2015,17530.38086,17764.84961,17530.38086,17548.61914,17548.61914,100520000
7/10/2015,17561.11914,17797.49023,17561.11914,17760.41016,17760.41016,85800000
7/13/2015,17787.26953,17987.57031,17787.26953,17977.67969,17977.67969,86380000
7/14/2015,17974.60938,18072.82031,17956.16992,18053.58008,18053.58008,76740000
7/15/2015,18053.38086,18090.39063,18010.15039,18050.16992,18050.16992,80460000
7/16/2015,18078.16016,18131.60938,18065.33008,18120.25,18120.25,85030000
7/17/2015,18117.58008,18121.11914,18032.06055,18086.44922,18086.44922,106510000
7/20/2015,18085.91016,18137.11914,18064.5,18100.41016,18100.41016,75060000
7/21/2015,18096.66992,18096.66992,17868.33984,17919.28906,17919.28906,100170000
7/22/2015,17918.34961,17919.34961,17807.41016,17851.03906,17851.03906,112370000
7/23/2015,17853.7793,17860.94922,17705.0293,17731.91992,17731.91992,88600000
7/24/2015,17731.05078,17756.53906,17553.73047,17568.5293,17568.5293,103470000
7/27/2015,17561.7793,17561.7793,17399.16992,17440.58984,17440.58984,117860000
7/28/2015,17449.81055,17650.07031,17449.81055,17630.26953,17630.26953,103450000
7/29/2015,17631.40039,17776.7793,17629.19922,17751.39063,17751.39063,93140000
7/30/2015,17743.24023,17761.25,17640.84961,17745.98047,17745.98047,76650000
7/31/2015,17755.86914,17783.58984,17671.58984,17689.85938,17689.85938,106120000
8/3/2015,17696.74023,17704.75977,17496.60938,17598.19922,17598.19922,87880000
8/4/2015,17596.92969,17635.7793,17505.5,17550.68945,17550.68945,99060000
8/5/2015,17555.24023,17661.36914,17492.90039,17540.4707,17540.4707,102450000
8/6/2015,17542.60938,17572.03906,17362.85938,17419.75,17419.75,96170000
8/7/2015,17414.93945,17414.93945,17279.08008,17373.38086,17373.38086,81800000
8/10/2015,17375.17969,17629.13086,17375.17969,17615.16992,17615.16992,92430000
8/11/2015,17593.58984,17593.58984,17352.63086,17402.83984,17402.83984,103010000
8/12/2015,17382.92969,17423.90039,17125.81055,17402.50977,17402.50977,120400000
8/13/2015,17401.64063,17481.7793,17341.33984,17408.25,17408.25,88550000
8/14/2015,17410.11914,17492.90039,17394.06055,17477.40039,17477.40039,82120000
8/17/2015,17472.66016,17551.40039,17341.7207,17545.17969,17545.17969,73380000
8/18/2015,17537.30078,17568.40039,17486.41992,17511.33984,17511.33984,79900000
8/19/2015,17508.74023,17517.18945,17282.41992,17348.73047,17348.73047,104720000
8/20/2015,17345.32031,17345.32031,16990.68945,16990.68945,16990.68945,128530000
8/21/2015,16990.68945,16990.68945,16459.55078,16459.75,16459.75,225170000
8/24/2015,16459.75,16459.75,15370.33008,15871.34961,15871.34961,293920000
8/25/2015,15882.26953,16312.94043,15651.24023,15666.44043,15666.44043,213220000
8/26/2015,15676.25977,16303.75,15676.25977,16285.50977,16285.50977,208420000
8/27/2015,16285.50977,16666.68945,16285.50977,16654.76953,16654.76953,171980000
8/28/2015,16649.41992,16669.9707,16535.17969,16643.00977,16643.00977,131790000
8/31/2015,16632.01953,16632.01953,16444.05078,16528.0293,16528.0293,141440000
9/1/2015,16528.0293,16528.0293,15979.9502,16058.34961,16058.34961,171390000
9/2/2015,16058.34961,16352.58008,16058.34961,16351.37988,16351.37988,133480000
9/3/2015,16364.33984,16550.07031,16317.30957,16374.75977,16374.75977,109730000
9/4/2015,16371.75977,16371.75977,16026.61035,16102.37988,16102.37988,127270000
9/8/2015,16109.92969,16503.41016,16109.92969,16492.67969,16492.67969,123870000
9/9/2015,16505.03906,16664.65039,16220.09961,16253.57031,16253.57031,118790000
9/10/2015,16252.57031,16441.93945,16212.08008,16330.40039,16330.40039,122690000
9/11/2015,16330.40039,16434.75977,16244.65039,16433.08984,16433.08984,104630000
9/14/2015,16450.85938,16450.85938,16330.87012,16370.95996,16370.95996,92660000
9/15/2015,16382.58008,16644.10938,16382.58008,16599.84961,16599.84961,93050000
9/16/2015,16599.50977,16755.98047,16593.90039,16739.94922,16739.94922,99620000
9/17/2015,16738.08008,16933.42969,16639.92969,16674.74023,16674.74023,129600000
9/18/2015,16674.74023,16674.74023,16343.75977,16384.58008,16384.58008,341690000
9/21/2015,16406.09961,16578.59961,16391.88086,16510.18945,16510.18945,90730000
9/22/2015,16477.44922,16477.44922,16221.73047,16330.46973,16330.46973,119010000
9/23/2015,16332.80957,16355.29004,16211.98047,16279.88965,16279.88965,86030000
9/24/2015,16257.11035,16257.11035,16016.36035,16201.32031,16201.32031,122220000
9/25/2015,16205.07031,16465.23047,16205.07031,16314.66992,16314.66992,130790000
9/28/2015,16313.25977,16313.25977,15981.84961,16001.88965,16001.88965,139930000
9/29/2015,16001.75977,16118.88965,15942.37012,16049.12988,16049.12988,121160000
9/30/2015,16057.08008,16297.59961,16057.08008,16284.7002,16284.7002,145740000
10/1/2015,16278.62012,16348.87012,16073.82031,16272.00977,16272.00977,111420000
10/2/2015,16258.25,16472.76953,16013.66016,16472.36914,16472.36914,136870000
10/5/2015,16502.09961,16798.36914,16502.09961,16776.42969,16776.42969,127660000
10/6/2015,16774.01953,16865.08984,16746.0293,16790.18945,16790.18945,120010000
10/7/2015,16805.41992,16963.30078,16765,16912.28906,16912.28906,115690000
10/8/2015,16904.16992,17081.2793,16859.33984,17050.75,17050.75,100730000
10/9/2015,17054.68945,17110.88086,17027.23047,17084.49023,17084.49023,103730000
10/12/2015,17082.28906,17139.21094,17064.58008,17131.85938,17131.85938,72500000
10/13/2015,17113.55078,17172.81055,17034.44922,17081.89063,17081.89063,99400000
10/14/2015,17079.08008,17111.38086,16887.66992,16924.75,16924.75,120110000
10/15/2015,16944.85938,17144.41992,16933.57031,17141.75,17141.75,122960000
10/16/2015,17141.75,17220.01953,17107.34961,17215.9707,17215.9707,145880000
10/19/2015,17209.42969,17235.94922,17129.18945,17230.53906,17230.53906,118430000
10/20/2015,17228.4707,17264.88086,17147.99023,17217.10938,17217.10938,106670000
10/21/2015,17225.92969,17314.99023,17153.13086,17168.60938,17168.60938,107100000
10/22/2015,17180.88086,17505.17969,17180.88086,17489.16016,17489.16016,152420000
10/23/2015,17525.10938,17679.36914,17525.10938,17646.69922,17646.69922,158090000
10/26/2015,17649.57031,17660.69922,17602.50977,17623.05078,17623.05078,116660000
10/27/2015,17608.89063,17635.17969,17540.57031,17581.42969,17581.42969,113960000
10/28/2015,17586.68945,17779.94922,17556.71094,17779.51953,17779.51953,115630000
10/29/2015,17771.5,17786,17684.7207,17755.80078,17755.80078,90300000
10/30/2015,17756.59961,17799.96094,17662.86914,17663.53906,17663.53906,149250000
11/2/2015,17672.61914,17845.90039,17655.01953,17828.75977,17828.75977,100840000
11/3/2015,17819.74023,17977.84961,17796.01953,17918.15039,17918.15039,92290000
11/4/2015,17929.58008,17964.11914,17828.83008,17867.58008,17867.58008,99890000
11/5/2015,17871.25,17929.50977,17779.18945,17863.42969,17863.42969,98910000
11/6/2015,17855.2207,17912.03906,17768.59961,17910.33008,17910.33008,107450000
11/9/2015,17900.7793,17900.7793,17667.7793,17730.48047,17730.48047,121210000
11/10/2015,17724.13086,17768.66016,17657.7207,17758.21094,17758.21094,108640000
11/11/2015,17769.5,17807.17969,17696.91016,17702.2207,17702.2207,95230000
11/12/2015,17691.92969,17691.92969,17443.5,17448.07031,17448.07031,113660000
11/13/2015,17439.25,17439.25,17238.89063,17245.24023,17245.24023,134640000
11/16/2015,17229.93945,17483.00977,17210.42969,17483.00977,17483.00977,137590000
11/17/2015,17486.99023,17599.33008,17451.41016,17489.5,17489.5,167190000
11/18/2015,17485.49023,17752.16016,17485.49023,17737.16016,17737.16016,106810000
11/19/2015,17739.83008,17772.9707,17681.98047,17732.75,17732.75,114630000
11/20/2015,17732.75,17914.33984,17732.75,17823.81055,17823.81055,153140000
11/23/2015,17823.60938,17868.17969,17751.5293,17792.67969,17792.67969,134680000
11/24/2015,17770.90039,17862.59961,17683.50977,17812.18945,17812.18945,127170000
11/25/2015,17820.81055,17854.91992,17801.83008,17813.39063,17813.39063,82540000
11/27/2015,17806.03906,17830.35938,17749.32031,17813.39063,17813.39063,82540000
11/30/2015,17802.83984,17837.24023,17719.78906,17719.91992,17719.91992,155560000
12/1/2015,17719.7207,17895.5,17719.7207,17888.34961,17888.34961,103880000
12/2/2015,17883.14063,17901.58008,17708.19922,17729.67969,17729.67969,102860000
12/3/2015,17741.57031,17780.58984,17425.56055,17477.66992,17477.66992,126990000
12/4/2015,17482.67969,17866.4707,17482.67969,17847.63086,17847.63086,137650000
12/7/2015,17845.49023,17845.49023,17639.25,17730.50977,17730.50977,99670000
12/8/2015,17703.99023,17703.99023,17485.39063,17568,17568,113720000
12/9/2015,17558.17969,17767.68945,17403.50977,17492.30078,17492.30078,122020000
12/10/2015,17493.16992,17697.74023,17474.66016,17574.75,17574.75,107310000
12/11/2015,17574.75,17574.75,17230.5,17265.21094,17265.21094,134510000
12/14/2015,17277.10938,17378.01953,17138.4707,17368.5,17368.5,142540000
12/15/2015,17374.7793,17627.63086,17341.17969,17524.91016,17524.91016,123430000
12/16/2015,17530.84961,17784.35938,17483.67969,17749.08984,17749.08984,123790000
12/17/2015,17756.53906,17796.75977,17493.5,17495.83984,17495.83984,115780000
12/18/2015,17495.03906,17496.58008,17124.31055,17128.55078,17128.55078,344560000
12/21/2015,17154.93945,17272.35938,17116.73047,17251.61914,17251.61914,114910000
12/22/2015,17253.55078,17451.10938,17242.85938,17417.26953,17417.26953,91570000
12/23/2015,17427.63086,17607.91992,17427.63086,17602.60938,17602.60938,92820000
12/24/2015,17593.25977,17606.33984,17543.94922,17552.16992,17552.16992,40350000
12/28/2015,17535.66016,17536.90039,17437.33984,17528.26953,17528.26953,59770000
12/29/2015,17547.36914,17750.01953,17547.36914,17720.98047,17720.98047,69860000
12/30/2015,17711.93945,17714.13086,17588.86914,17603.86914,17603.86914,59760000
12/31/2015,17590.66016,17590.66016,17421.16016,17425.0293,17425.0293,93690000
1/4/2016,17405.48047,17405.48047,16957.63086,17148.93945,17148.93945,148060000
1/5/2016,17147.5,17195.83984,17038.60938,17158.66016,17158.66016,105750000
1/6/2016,17154.83008,17154.83008,16817.61914,16906.50977,16906.50977,120250000
1/7/2016,16888.35938,16888.35938,16463.63086,16514.09961,16514.09961,176240000
1/8/2016,16519.16992,16651.89063,16314.57031,16346.4502,16346.4502,141850000
1/11/2016,16358.70996,16461.84961,16232.03027,16398.57031,16398.57031,127790000
1/12/2016,16419.10938,16591.34961,16322.07031,16516.2207,16516.2207,117480000
1/13/2016,16526.63086,16593.50977,16123.2002,16151.41016,16151.41016,153530000
1/14/2016,16159.00977,16482.05078,16075.12012,16379.04981,16379.04981,158830000
1/15/2016,16354.33008,16354.33008,15842.11035,15988.08008,15988.08008,239210000
1/19/2016,16009.4502,16171.95996,15900.25,16016.01953,16016.01953,144360000
1/20/2016,15989.4502,15989.4502,15450.55957,15766.74023,15766.74023,191870000
1/21/2016,15768.87012,16038.58984,15704.66016,15882.67969,15882.67969,145140000
1/22/2016,15921.09961,16136.79004,15921.09961,16093.50977,16093.50977,145850000
1/25/2016,16086.45996,16086.45996,15880.15039,15885.21973,15885.21973,123250000
1/26/2016,15893.16016,16185.79004,15893.16016,16167.23047,16167.23047,118210000
1/27/2016,16168.74023,16235.03027,15878.29981,15944.45996,15944.45996,138350000
1/28/2016,15960.28027,16102.13965,15863.71973,16069.63965,16069.63965,130120000
1/29/2016,16090.25977,16466.30078,16090.25977,16466.30078,16466.30078,217940000
2/1/2016,16453.63086,16510.98047,16299.46973,16449.17969,16449.17969,114450000
2/2/2016,16420.21094,16420.21094,16108.44043,16153.54004,16153.54004,126210000
2/3/2016,16186.2002,16381.69043,15960.4502,16336.66016,16336.66016,141870000
2/4/2016,16329.66992,16485.83984,16266.16016,16416.58008,16416.58008,131490000
2/5/2016,16417.94922,16423.63086,16129.80957,16204.96973,16204.96973,139010000
2/8/2016,16147.50977,16147.50977,15803.54981,16027.04981,16027.04981,165880000
2/9/2016,16005.41016,16136.62012,15881.11035,16014.37988,16014.37988,127740000
2/10/2016,16035.61035,16201.88965,15899.91016,15914.74023,15914.74023,122290000
2/11/2016,15897.82031,15897.82031,15503.00977,15660.17969,15660.17969,172070000
2/12/2016,15691.62012,15974.04004,15691.62012,15973.83984,15973.83984,132550000
2/16/2016,16012.38965,16196.41016,16012.38965,16196.41016,16196.41016,142030000
2/17/2016,16217.98047,16486.11914,16217.98047,16453.83008,16453.83008,124080000
2/18/2016,16483.75977,16511.83984,16390.42969,16413.42969,16413.42969,104950000
2/19/2016,16410.96094,16410.96094,16278,16391.99023,16391.99023,134340000
2/22/2016,16417.13086,16664.24023,16417.13086,16620.66016,16620.66016,102240000
2/23/2016,16610.39063,16610.39063,16403.5293,16431.7793,16431.7793,98170000
2/24/2016,16418.83984,16507.39063,16165.86035,16484.99023,16484.99023,93620000
2/25/2016,16504.38086,16697.98047,16458.41992,16697.28906,16697.28906,94120000
2/26/2016,16712.69922,16795.98047,16623.91016,16639.9707,16639.9707,98480000
2/29/2016,16634.15039,16726.11914,16510.40039,16516.5,16516.5,126220000
3/1/2016,16545.66992,16865.56055,16545.66992,16865.08008,16865.08008,105050000
3/2/2016,16851.16992,16900.16992,16766.32031,16899.32031,16899.32031,104470000
3/3/2016,16896.16992,16944.31055,16820.73047,16943.90039,16943.90039,91110000
3/4/2016,16945,17062.38086,16898.83984,17006.76953,17006.76953,106910000
3/7/2016,16991.28906,17099.25,16940.48047,17073.94922,17073.94922,100290000
3/8/2016,17050.66992,17072.78906,16921.50977,16964.09961,16964.09961,108380000
3/9/2016,16969.16992,17048.5,16947.93945,17000.35938,17000.35938,116690000
3/10/2016,17006.05078,17130.10938,16821.85938,16995.13086,16995.13086,117570000
3/11/2016,17014.99023,17220.08984,17014.99023,17213.31055,17213.31055,123420000
3/14/2016,17207.49023,17275.07031,17161.16016,17229.13086,17229.13086,96350000
3/15/2016,17217.15039,17251.69922,17120.34961,17251.5293,17251.5293,92830000
3/16/2016,17249.33984,17379.17969,17204.07031,17325.75977,17325.75977,118710000
3/17/2016,17321.38086,17529.00977,17297.65039,17481.49023,17481.49023,117990000
3/18/2016,17481.49023,17620.58008,17481.49023,17602.30078,17602.30078,321230000
3/21/2016,17589.69922,17644.9707,17551.2793,17623.86914,17623.86914,84410000
3/22/2016,17602.71094,17648.93945,17540.41992,17582.57031,17582.57031,95450000
3/23/2016,17588.81055,17588.81055,17486.26953,17502.58984,17502.58984,84240000
3/24/2016,17485.33008,17517.14063,17399.00977,17515.73047,17515.73047,84100000
3/28/2016,17526.08008,17583.81055,17493.0293,17535.39063,17535.39063,70460000
3/29/2016,17512.58008,17642.81055,17434.26953,17633.10938,17633.10938,86160000
3/30/2016,17652.35938,17790.10938,17652.35938,17716.66016,17716.66016,79330000
3/31/2016,17716.05078,17755.69922,17669.7207,17685.08984,17685.08984,102600000
4/1/2016,17661.74023,17811.48047,17568.01953,17792.75,17792.75,104890000
4/4/2016,17799.39063,17806.38086,17710.66992,17737,17737,85230000
4/5/2016,17718.0293,17718.0293,17579.56055,17603.32031,17603.32031,115230000
4/6/2016,17605.44922,17723.55078,17542.53906,17716.05078,17716.05078,99410000
4/7/2016,17687.2793,17687.2793,17484.23047,17541.96094,17541.96094,90120000
4/8/2016,17555.39063,17694.50977,17528.16016,17576.96094,17576.96094,79990000
4/11/2016,17586.48047,17731.63086,17555.90039,17556.41016,17556.41016,107100000
4/12/2016,17571.33984,17744.42969,17553.57031,17721.25,17721.25,81020000
4/13/2016,17741.66016,17918.34961,17741.66016,17908.2793,17908.2793,91710000
4/14/2016,17912.25,17962.14063,17885.43945,17926.42969,17926.42969,84510000
4/15/2016,17925.94922,17937.65039,17867.41016,17897.46094,17897.46094,118160000
4/18/2016,17890.19922,18009.5293,17848.2207,18004.16016,18004.16016,89390000
4/19/2016,18012.09961,18103.46094,17984.42969,18053.59961,18053.59961,89820000
4/20/2016,18059.49023,18167.63086,18031.21094,18096.26953,18096.26953,100210000
4/21/2016,18092.83984,18107.28906,17963.89063,17982.51953,17982.51953,102720000
4/22/2016,17985.05078,18026.84961,17909.89063,18003.75,18003.75,134120000
4/25/2016,17990.93945,17990.93945,17855.55078,17977.24023,17977.24023,83770000
4/26/2016,17987.38086,18043.76953,17934.16992,17990.32031,17990.32031,92570000
4/27/2016,17996.14063,18084.66016,17920.25977,18041.55078,18041.55078,109090000
4/28/2016,18023.88086,18035.73047,17796.55078,17830.75977,17830.75977,100920000
4/29/2016,17813.08984,17814.83008,17651.98047,17773.64063,17773.64063,136670000
5/2/2016,17783.7793,17912.34961,17773.71094,17891.16016,17891.16016,80100000
5/3/2016,17870.75,17870.75,17670.88086,17750.91016,17750.91016,97060000
5/4/2016,17735.01953,17738.06055,17609.00977,17651.25977,17651.25977,95020000
5/5/2016,17664.48047,17736.10938,17615.82031,17660.71094,17660.71094,81530000
5/6/2016,17650.30078,17744.53906,17580.38086,17740.63086,17740.63086,80020000
5/9/2016,17743.84961,17783.16016,17668.38086,17705.91016,17705.91016,85590000
5/10/2016,17726.66016,17934.60938,17726.66016,17928.34961,17928.34961,75790000
5/11/2016,17919.0293,17919.0293,17711.05078,17711.11914,17711.11914,87390000
5/12/2016,17711.11914,17798.18945,17625.38086,17720.5,17720.5,88560000
5/13/2016,17711.11914,17734.74023,17512.48047,17535.32031,17535.32031,86640000
5/16/2016,17531.75977,17755.80078,17531.75977,17710.71094,17710.71094,88440000
5/17/2016,17701.46094,17701.46094,17469.91992,17529.98047,17529.98047,103260000
5/18/2016,17501.2793,17636.2207,17418.21094,17526.61914,17526.61914,79120000
5/19/2016,17514.16016,17514.16016,17331.07031,17435.40039,17435.40039,95530000
5/20/2016,17437.32031,17571.75,17437.32031,17500.93945,17500.93945,111990000
5/23/2016,17507.03906,17550.69922,17480.05078,17492.92969,17492.92969,87790000
5/24/2016,17525.18945,17742.58984,17525.18945,17706.05078,17706.05078,86480000
5/25/2016,17735.08984,17891.71094,17735.08984,17851.50977,17851.50977,79180000
5/26/2016,17859.51953,17888.66016,17803.82031,17828.28906,17828.28906,68940000
5/27/2016,17826.84961,17873.2207,17824.73047,17873.2207,17873.2207,73190000
5/31/2016,17891.5,17899.24023,17724.0293,17787.19922,17787.19922,147390000
6/1/2016,17754.55078,17809.17969,17664.78906,17789.66992,17789.66992,78530000
6/2/2016,17789.05078,17838.56055,17703.55078,17838.56055,17838.56055,75560000
6/3/2016,17799.80078,17833.16992,17689.67969,17807.06055,17807.06055,82270000
6/6/2016,17825.68945,17949.67969,17822.81055,17920.33008,17920.33008,71870000
6/7/2016,17936.2207,18003.23047,17936.2207,17938.2793,17938.2793,78750000
6/8/2016,17931.91016,18016,17931.91016,18005.05078,18005.05078,71260000
6/9/2016,17969.98047,18005.2207,17915.88086,17985.18945,17985.18945,69690000
6/10/2016,17938.82031,17938.82031,17812.33984,17865.33984,17865.33984,90540000
6/13/2016,17830.5,17893.2793,17731.34961,17732.48047,17732.48047,101690000
6/14/2016,17710.76953,17733.91992,17595.78906,17674.82031,17674.82031,93740000
6/15/2016,17703.65039,17762.96094,17629.00977,17640.16992,17640.16992,94130000
6/16/2016,17602.23047,17754.91016,17471.28906,17733.09961,17733.09961,91950000
6/17/2016,17733.43945,17733.43945,17602.7793,17675.16016,17675.16016,248680000
6/20/2016,17736.86914,17946.35938,17736.86914,17804.86914,17804.86914,99380000
6/21/2016,17827.33008,17877.83984,17799.80078,17829.73047,17829.73047,85130000
6/22/2016,17832.66992,17920.16016,17770.35938,17780.83008,17780.83008,89440000
6/23/2016,17844.10938,18011.07031,17844.10938,18011.07031,18011.07031,98070000
6/24/2016,17946.63086,17946.63086,17356.33984,17400.75,17400.75,239000000
6/27/2016,17355.21094,17355.21094,17063.08008,17140.24023,17140.24023,138740000
6/28/2016,17190.50977,17409.7207,17190.50977,17409.7207,17409.7207,112190000
6/29/2016,17456.01953,17704.50977,17456.01953,17694.67969,17694.67969,106380000
6/30/2016,17712.75977,17930.60938,17711.80078,17929.99023,17929.99023,133030000
7/1/2016,17924.24023,18002.38086,17916.91016,17949.36914,17949.36914,82160000
7/5/2016,17904.44922,17904.44922,17785.2793,17840.61914,17840.61914,103650000
7/6/2016,17807.4707,17926.91016,17713.44922,17918.61914,17918.61914,93000000
7/7/2016,17924.24023,17984.94922,17816.65039,17895.88086,17895.88086,81570000
7/8/2016,17971.2207,18166.76953,17971.2207,18146.74023,18146.74023,93460000
7/11/2016,18161.5293,18283.90039,18161.5293,18226.92969,18226.92969,80880000
7/12/2016,18259.11914,18371.94922,18259.11914,18347.66992,18347.66992,90170000
7/13/2016,18356.7793,18390.16016,18315.75977,18372.11914,18372.11914,80920000
7/14/2016,18414.30078,18537.57031,18414.30078,18506.41016,18506.41016,87050000
7/15/2016,18508.88086,18557.42969,18471.61914,18516.55078,18516.55078,123690000
7/18/2016,18521.55078,18556.13086,18489.83984,18533.05078,18533.05078,75540000
7/19/2016,18503.11914,18562.5293,18495.10938,18559.00977,18559.00977,85840000
7/20/2016,18582.69922,18622.00977,18555.65039,18595.0293,18595.0293,93230000
7/21/2016,18589.96094,18590.43945,18469.66992,18517.23047,18517.23047,86800000
7/22/2016,18524.15039,18571.30078,18491.58984,18570.84961,18570.84961,87710000
7/25/2016,18554.49023,18555.68945,18452.61914,18493.06055,18493.06055,76810000
7/26/2016,18497.36914,18522.4707,18387.2207,18473.75,18473.75,85370000
7/27/2016,18473.26953,18542.39063,18430.93945,18472.16992,18472.16992,111370000
7/28/2016,18461.00977,18483.25977,18368.82031,18456.34961,18456.34961,85750000
7/29/2016,18442.51953,18466.55078,18371.11914,18432.24023,18432.24023,111550000
8/1/2016,18434.5,18467.0293,18355.75,18404.50977,18404.50977,83470000
8/2/2016,18401.15039,18403.65039,18247.78906,18313.76953,18313.76953,89680000
8/3/2016,18313.08008,18355,18283.23047,18355,18355,78550000
8/4/2016,18351.42969,18397.86914,18325.16992,18352.05078,18352.05078,64500000
8/5/2016,18402.80078,18543.5293,18402.80078,18543.5293,18543.5293,92420000
8/8/2016,18541.89063,18569.31055,18502.0293,18529.28906,18529.28906,71810000
8/9/2016,18538.05078,18585.32031,18507.75,18533.05078,18533.05078,60090000
8/10/2016,18541.48047,18561.75,18468.7793,18495.66016,18495.66016,62780000
8/11/2016,18519.08008,18638.33984,18519.08008,18613.51953,18613.51953,71470000
8/12/2016,18595.65039,18606.06055,18535.85938,18576.4707,18576.4707,61580000
8/15/2016,18588.58984,18722.60938,18559.92969,18636.05078,18636.05078,62350000
8/16/2016,18614.48047,18614.85938,18550.65039,18552.01953,18552.01953,67570000
8/17/2016,18537.08984,18582.34961,18468.67969,18573.93945,18573.93945,71000000
8/18/2016,18566.53906,18600.82031,18533.28906,18597.69922,18597.69922,70740000
8/19/2016,18585.16992,18585.16992,18491.24023,18552.57031,18552.57031,93170000
8/22/2016,18535.85938,18570.91992,18466.85938,18529.41992,18529.41992,73450000
8/23/2016,18568.93945,18631.59961,18545.51953,18547.30078,18547.30078,73990000
8/24/2016,18537.5,18539.15039,18448.26953,18481.48047,18481.48047,72270000
8/25/2016,18471.21094,18497.67969,18431.46094,18448.41016,18448.41016,64480000
8/26/2016,18467.91992,18572.08984,18335.33984,18395.40039,18395.40039,78730000
8/29/2016,18421.28906,18523.08984,18419.91992,18502.99023,18502.99023,64480000
8/30/2016,18491.2793,18514.28906,18408.51953,18454.30078,18454.30078,68920000
8/31/2016,18436.69922,18439.67969,18333.56055,18400.88086,18400.88086,98250000
9/1/2016,18396.57031,18430.05078,18295.48047,18419.30078,18419.30078,74780000
9/2/2016,18466.00977,18544.75977,18439.09961,18491.96094,18491.96094,74350000
9/6/2016,18493.40039,18551.53906,18450.32031,18538.11914,18538.11914,83710000
9/7/2016,18527.71094,18536.89063,18474.76953,18526.14063,18526.14063,67570000
9/8/2016,18486.68945,18506.24023,18446.68945,18479.91016,18479.91016,79060000
9/9/2016,18404.16992,18404.16992,18085.44922,18085.44922,18085.44922,120670000
9/12/2016,18028.94922,18358.68945,17994.83984,18325.07031,18325.07031,103260000
9/13/2016,18262.99023,18262.99023,18028.06055,18066.75,18066.75,102830000
9/14/2016,18073.39063,18163.48047,17992.21094,18034.76953,18034.76953,103360000
9/15/2016,18024.91016,18250.10938,18015.49023,18212.48047,18212.48047,99550000
9/16/2016,18217.21094,18217.21094,18070.21094,18123.80078,18123.80078,278510000
9/19/2016,18154.82031,18254.88086,18093.05078,18120.16992,18120.16992,78090000
9/20/2016,18175.35938,18227.21094,18128.80078,18129.96094,18129.96094,72450000
9/21/2016,18164.96094,18307.42969,18121.57031,18293.69922,18293.69922,94090000
9/22/2016,18343.75977,18449.88086,18343.75977,18392.46094,18392.46094,73030000
9/23/2016,18377.35938,18383.75977,18254.83984,18261.44922,18261.44922,87170000
9/26/2016,18217.75977,18217.75977,18083.32031,18094.83008,18094.83008,95510000
9/27/2016,18099.21094,18238.09961,18052.16016,18228.30078,18228.30078,84130000
9/28/2016,18240.2207,18349.85938,18179.33984,18339.24023,18339.24023,97650000
9/29/2016,18322.88086,18366.23047,18091.64063,18143.44922,18143.44922,95880000
9/30/2016,18181.80078,18369.61914,18181.80078,18308.15039,18308.15039,135470000
10/3/2016,18279.59961,18279.80078,18203.75,18253.84961,18253.84961,68520000
10/4/2016,18267.67969,18313.76953,18116.25977,18168.44922,18168.44922,79710000
10/5/2016,18205.5,18315.82031,18205.5,18281.0293,18281.0293,76190000
10/6/2016,18280.41992,18288.11914,18162.9707,18268.5,18268.5,78660000
10/7/2016,18295.34961,18319.73047,18149.34961,18240.49023,18240.49023,82680000
10/10/2016,18282.94922,18399.96094,18282.94922,18329.03906,18329.03906,72110000
10/11/2016,18308.42969,18312.33008,18061.96094,18128.66016,18128.66016,88610000
10/12/2016,18132.63086,18193.96094,18082.08984,18144.19922,18144.19922,72230000
10/13/2016,18088.32031,18137.69922,17959.94922,18098.93945,18098.93945,83160000
10/14/2016,18177.34961,18261.10938,18138.38086,18138.38086,18138.38086,87050000
10/17/2016,18135.84961,18162.2793,18063.01953,18086.40039,18086.40039,75960000
10/18/2016,18145.06055,18225.80078,18129.44922,18161.93945,18161.93945,74600000
10/19/2016,18178.21094,18252.19922,18169.25,18202.61914,18202.61914,88040000
10/20/2016,18161.86914,18249.05078,18129.07031,18162.34961,18162.34961,88830000
10/21/2016,18152.63086,18168.75977,18049.76953,18145.71094,18145.71094,117810000
10/24/2016,18197.14063,18275.03906,18191.17969,18223.0293,18223.0293,88540000
10/25/2016,18206.51953,18241.68945,18151.69922,18169.26953,18169.26953,83190000
10/26/2016,18103.80078,18236.03906,18062.30078,18199.33008,18199.33008,86340000
10/27/2016,18234.81055,18253.19922,18149.19922,18169.67969,18169.67969,83530000
10/28/2016,18193.78906,18257.06055,18094.9707,18161.18945,18161.18945,107850000
10/31/2016,18176.59961,18193.67969,18130.58008,18142.41992,18142.41992,110080000
11/1/2016,18158.24023,18177.00977,17940.83984,18037.09961,18037.09961,101280000
11/2/2016,18017.7207,18044.15039,17931.89063,17959.64063,17959.64063,88610000
11/3/2016,17978.75,18006.96094,17904.07031,17930.66992,17930.66992,77860000
11/4/2016,17928.34961,17986.75977,17883.56055,17888.2793,17888.2793,97760000
11/7/2016,17994.64063,18263.30078,17994.64063,18259.59961,18259.59961,93450000
11/8/2016,18251.38086,18400.5,18200.75,18332.74023,18332.74023,79820000
11/9/2016,18317.25977,18650.06055,18252.55078,18589.68945,18589.68945,173110000
11/10/2016,18603.14063,18873.66016,18603.14063,18807.88086,18807.88086,164390000
11/11/2016,18781.65039,18855.7793,18736.96094,18847.66016,18847.66016,107300000
11/14/2016,18876.76953,18934.05078,18815.75,18868.68945,18868.68945,112250000
11/15/2016,18858.21094,18925.25977,18806.06055,18923.06055,18923.06055,100660000
11/16/2016,18909.84961,18909.84961,18825.89063,18868.14063,18868.14063,87320000
11/17/2016,18866.2207,18904.0293,18845.26953,18903.82031,18903.82031,89940000
11/18/2016,18905.33008,18915.74023,18853.83008,18867.92969,18867.92969,109880000
11/21/2016,18898.67969,18960.75977,18883.09961,18956.68945,18956.68945,80520000
11/22/2016,18970.39063,19043.90039,18962.82031,19023.86914,19023.86914,85310000
11/23/2016,19015.51953,19083.75977,19000.38086,19083.17969,19083.17969,77880000
11/25/2016,19093.7207,19152.14063,19093.7207,19152.14063,19152.14063,45890000
11/28/2016,19122.14063,19138.7207,19072.25,19097.90039,19097.90039,88460000
11/29/2016,19064.07031,19144.40039,19062.2207,19121.59961,19121.59961,81510000
11/30/2016,19135.64063,19225.28906,19123.38086,19123.58008,19123.58008,164570000
12/1/2016,19149.19922,19214.30078,19138.78906,19191.92969,19191.92969,108800000
12/2/2016,19161.25,19196.14063,19141.17969,19170.41992,19170.41992,84920000
12/5/2016,19244.34961,19274.84961,19186.73047,19216.24023,19216.24023,317800000
12/6/2016,19219.91016,19255.89063,19184.74023,19251.7793,19251.7793,284960000
12/7/2016,19241.99023,19558.41992,19229.83008,19549.61914,19549.61914,385200000
12/8/2016,19559.93945,19664.9707,19527.83008,19614.81055,19614.81055,324570000
12/9/2016,19631.34961,19757.74023,19623.18945,19756.84961,19756.84961,334470000
12/12/2016,19770.19922,19824.58984,19747.74023,19796.42969,19796.42969,333660000
12/13/2016,19852.21094,19953.75,19846.44922,19911.21094,19911.21094,388420000
12/14/2016,19876.13086,19966.42969,19748.66992,19792.5293,19792.5293,408430000
12/15/2016,19811.5,19951.28906,19811.5,19852.24023,19852.24023,357350000
12/16/2016,19909.00977,19923.16992,19821,19843.41016,19843.41016,573470000
12/19/2016,19836.66016,19917.7793,19832.94922,19883.06055,19883.06055,302310000
12/20/2016,19920.58984,19987.63086,19920.41992,19974.61914,19974.61914,284080000
12/21/2016,19968.9707,19986.56055,19941.96094,19941.96094,19941.96094,256640000
12/22/2016,19922.67969,19933.83008,19882.18945,19918.88086,19918.88086,258290000
12/23/2016,19908.60938,19934.15039,19899.06055,19933.81055,19933.81055,158260000
12/27/2016,19943.46094,19980.24023,19939.80078,19945.03906,19945.03906,158540000
12/28/2016,19964.31055,19981.10938,19827.31055,19833.67969,19833.67969,188350000
12/29/2016,19835.46094,19878.43945,19788.93945,19819.7793,19819.7793,172040000
12/30/2016,19833.16992,19852.55078,19718.66992,19762.59961,19762.59961,271910000
1/3/2017,19872.85938,19938.5293,19775.92969,19881.75977,19881.75977,339180000
1/4/2017,19890.93945,19956.14063,19878.83008,19942.16016,19942.16016,280010000
1/5/2017,19924.56055,19948.59961,19811.11914,19899.28906,19899.28906,269920000
1/6/2017,19906.96094,19999.63086,19834.08008,19963.80078,19963.80078,277700000
1/9/2017,19931.41016,19943.7793,19887.38086,19887.38086,19887.38086,287060000
1/10/2017,19876.34961,19957.11914,19836.0293,19855.5293,19855.5293,299410000
1/11/2017,19887.38086,19973.41992,19833.16016,19954.2793,19954.2793,336150000
1/12/2017,19926.21094,19929.28906,19770.4707,19891,19891,306290000
1/13/2017,19912.53906,19952.0293,19849.38086,19885.73047,19885.73047,263780000
1/17/2017,19848.82031,19882.99023,19775.34961,19826.76953,19826.76953,341900000
1/18/2017,19822.73047,19828.19922,19739,19804.7207,19804.7207,279760000
1/19/2017,19813.55078,19824.14063,19677.93945,19732.40039,19732.40039,301750000
1/20/2017,19795.06055,19843.93945,19759.14063,19827.25,19827.25,435260000
1/23/2017,19794.78906,19833.98047,19732.35938,19799.84961,19799.84961,326690000
1/24/2017,19794.67969,19949.24023,19786.71094,19912.71094,19912.71094,374460000
1/25/2017,19994.48047,20082,19994.48047,20068.50977,20068.50977,372240000
1/26/2017,20076.25,20125.58008,20067.5293,20100.91016,20100.91016,356730000
1/27/2017,20103.35938,20115.9707,20072.64063,20093.7793,20093.7793,343130000
1/30/2017,20028.61914,20028.61914,19870.39063,19971.13086,19971.13086,317280000
1/31/2017,19913.16016,19918.16992,19784.76953,19864.08984,19864.08984,373750000
2/1/2017,19923.81055,19967.73047,19845.99023,19890.93945,19890.93945,426670000
2/2/2017,19858.33984,19922.75,19831.08984,19884.91016,19884.91016,347220000
2/3/2017,19964.21094,20081.48047,19964.21094,20071.46094,20071.46094,344220000
2/6/2017,20025.60938,20094.94922,20002.81055,20052.41992,20052.41992,281720000
2/7/2017,20107.61914,20155.34961,20068.67969,20090.28906,20090.28906,279670000
2/8/2017,20049.28906,20068.2793,20015.33008,20054.33984,20054.33984,280410000
2/9/2017,20061.73047,20206.35938,20061.73047,20172.40039,20172.40039,325310000
2/10/2017,20211.23047,20298.21094,20204.75977,20269.36914,20269.36914,312230000
2/13/2017,20338.53906,20441.48047,20322.94922,20412.16016,20412.16016,314620000
2/14/2017,20374.2207,20504.41016,20374.01953,20504.41016,20504.41016,356580000
2/15/2017,20504.26953,20620.44922,20496.0293,20611.85938,20611.85938,384380000
2/16/2017,20627.31055,20639.86914,20556.83008,20619.76953,20619.76953,354120000
2/17/2017,20564.13086,20624.05078,20532.60938,20624.05078,20624.05078,340620000
2/21/2017,20663.42969,20757.64063,20663.36914,20743,20743,336880000
2/22/2017,20715.41016,20781.58984,20692.39063,20775.59961,20775.59961,310530000
2/23/2017,20817.21094,20840.69922,20746.41016,20810.32031,20810.32031,302110000
2/24/2017,20751.91016,20821.75977,20733.94922,20821.75977,20821.75977,292540000
2/27/2017,20808.71094,20851.33008,20774.75977,20837.43945,20837.43945,256540000
2/28/2017,20833.88086,20841.24023,20781.21094,20812.24023,20812.24023,339210000
3/1/2017,20957.28906,21169.10938,20957.28906,21115.55078,21115.55078,392820000
3/2/2017,21128.91016,21129.19922,20996.60938,21002.9707,21002.9707,319910000
3/3/2017,21008.75,21039.96094,20953.85938,21005.71094,21005.71094,254420000
3/6/2017,20955.71094,20986.42969,20912.10938,20954.33984,20954.33984,266620000
3/7/2017,20934.89063,20970.53906,20901.25977,20924.75977,20924.75977,274630000
3/8/2017,20940.43945,20951.43945,20835.58008,20855.73047,20855.73047,296780000
3/9/2017,20864.32031,20900.57031,20777.16016,20858.18945,20858.18945,275960000
3/10/2017,20919.00977,20940.28906,20827.66016,20902.98047,20902.98047,315430000
3/13/2017,20899.2793,20926.06055,20845.71094,20881.48047,20881.48047,289260000
3/14/2017,20848.59961,20874,20786.31055,20837.36914,20837.36914,246820000
3/15/2017,20874.7793,20977.4707,20859.59961,20950.09961,20950.09961,306590000
3/16/2017,20969.26953,21000.10938,20893.5,20934.55078,20934.55078,264360000
3/17/2017,20965.36914,20980.50977,20911.07031,20914.61914,20914.61914,535280000
3/20/2017,20916.26953,20955.44922,20885.69922,20905.85938,20905.85938,253610000
3/21/2017,20956.33008,20970.03906,20653.25977,20668.00977,20668.00977,369320000
3/22/2017,20640.41992,20686.21094,20578.94922,20661.30078,20661.30078,325090000
3/23/2017,20645.07031,20757.89063,20618.61914,20656.58008,20656.58008,280050000
3/24/2017,20674.44922,20718.33008,20529.66992,20596.7207,20596.7207,292980000
3/27/2017,20488.34961,20578.46094,20412.80078,20550.98047,20550.98047,269380000
3/28/2017,20542.14063,20735.60938,20520.09961,20701.5,20701.5,299670000
3/29/2017,20675.75,20684.73047,20625.0293,20659.32031,20659.32031,238320000
3/30/2017,20662.78906,20753.7793,20643.59961,20728.49023,20728.49023,270900000
3/31/2017,20700.33984,20722.58984,20660.67969,20663.2207,20663.2207,303770000
4/3/2017,20665.16992,20692.33984,20517.82031,20650.21094,20650.21094,285670000
4/4/2017,20634.93945,20701.28906,20605.30078,20689.24023,20689.24023,237390000
4/5/2017,20745.06055,20887.5,20639.55078,20648.15039,20648.15039,284980000
4/6/2017,20653.76953,20746.46094,20612.16992,20662.94922,20662.94922,251720000
4/7/2017,20647.81055,20726.07031,20606.94922,20656.09961,20656.09961,219730000
4/10/2017,20668.2207,20750.33008,20614.85938,20658.01953,20658.01953,230480000
4/11/2017,20644.32031,20660.0293,20512.56055,20651.30078,20651.30078,255120000
4/12/2017,20637.94922,20642.53906,20553.0293,20591.85938,20591.85938,267670000
4/13/2017,20561.68945,20612.26953,20453.25,20453.25,20453.25,235810000
4/17/2017,20484.75,20644.41016,20484.75,20636.91992,20636.91992,229240000
4/18/2017,20561.39063,20600.11914,20462.2793,20523.2793,20523.2793,263180000
4/19/2017,20503.51953,20546.68945,20379.55078,20404.49023,20404.49023,294790000
4/20/2017,20406.67969,20629.7793,20406.67969,20578.71094,20578.71094,312440000
4/21/2017,20578.09961,20601.40039,20505.33008,20547.75977,20547.75977,369600000
4/24/2017,20723.58984,20792.19922,20723.58984,20763.89063,20763.89063,342400000
4/25/2017,20915.50977,21026.9707,20909.38086,20996.11914,20996.11914,348180000
4/26/2017,21009.94922,21070.90039,20972.26953,20975.08984,20975.08984,328550000
4/27/2017,20991.11914,21005.80078,20935.80078,20981.33008,20981.33008,305690000
4/28/2017,20987.39063,20987.75977,20926.75,20940.50977,20940.50977,329990000
5/1/2017,20962.73047,20976.61914,20898.38086,20913.46094,20913.46094,288160000
5/2/2017,20941.18945,20960.91992,20904.06055,20949.89063,20949.89063,338810000
5/3/2017,20915,20972.74023,20874.17969,20957.90039,20957.90039,310920000
5/4/2017,20987.83008,20990.78906,20847.94922,20951.4707,20951.4707,274720000
5/5/2017,20929.03906,21006.93945,20905,21006.93945,21006.93945,260960000
5/8/2017,20991.25977,21017.89063,20971.05078,21012.2793,21012.2793,276150000
5/9/2017,21022.2793,21046.84961,20938.03906,20975.7793,20975.7793,273000000
5/10/2017,20958.49023,20976.2793,20884.15039,20943.10938,20943.10938,283340000
5/11/2017,20925.7207,20933.35938,20798.90039,20919.41992,20919.41992,287680000
5/12/2017,20893.18945,20916.09961,20869.74023,20896.60938,20896.60938,288500000
5/15/2017,20923.63086,21000.83008,20923.63086,20981.93945,20981.93945,313170000
5/16/2017,20984.48047,21033.5293,20932.88086,20979.75,20979.75,311580000
5/17/2017,20846.16992,20846.16992,20601.08008,20606.92969,20606.92969,423200000
5/18/2017,20579.65039,20759.19922,20553.44922,20663.01953,20663.01953,422590000
